,name,layer_affected,kernel_index,layer_affected_index,number_bits_flipped,position_disrupted,min_var,max_var,original_weight_value,quantized_value,bit_disrupted,flipped_quantized_value,flipped_weight_value,q_aware_test_accuracy,tflite_test_accuracy,q_aware_test_acc_degradation,tflite_test_acc_degradation,q_aware_test_loss,tflite_test_loss,original_laplacian,modified_laplacian,original_int_laplacian,modified_int_laplacian,abs_laplacian_diff,abs_int_laplacian_diff
,model-original,,,,,,,,,,,,,0.9114999771118164,0.9117,,,0.2890910804271698,0.3396423,,,,,,
0,model_0_0,conv2d/kernel,0,2,20,"[(3, 2, 0, 0), (2, 1, 0, 30), (0, 2, 0, 28), (0, 4, 0, 31), (1, 2, 0, 26), (0, 4, 0, 6), (3, 0, 0, 25), (0, 0, 0, 6), (0, 4, 0, 0), (4, 1, 0, 21), (0, 3, 0, 12), (0, 3, 0, 25), (2, 4, 0, 1), (2, 4, 0, 0), (1, 4, 0, 11), (4, 3, 0, 15), (3, 2, 0, 5), (1, 1, 0, 26), (3, 0, 0, 25), (0, 3, 0, 30)]","[-0.41804698, -0.34759772, -0.33755487, -0.31486028, -0.13011168, -0.3269764, -0.2637816, -0.3269764, -0.41804698, -0.2561462, -0.79553723, -0.2637816, -0.40498513, -0.41804698, -0.26299253, -0.31544816, -0.2208852, -0.13011168, -0.2637816, -0.34759772]","[0.41804698, 0.34759772, 0.33755487, 0.31486028, 0.13011168, 0.3269764, 0.2637816, 0.3269764, 0.41804698, 0.2561462, 0.79553723, 0.2637816, 0.40498513, 0.41804698, 0.26299253, 0.31544816, 0.2208852, 0.13011168, 0.2637816, 0.34759772]","[-0.0029606253, 0.11460724, -0.26894805, -0.3145542, 0.0666599, -0.012604062, -0.03510938, 0.04087798, -0.41798258, 0.10263052, -0.79570496, 0.15399738, 0.06292823, 0.10985629, 0.013808485, 0.12030271, -0.2189073, 0.05815523, 0.23054928, -0.036232453]","[-1, 42, -101, -127, 65, -5, -17, 16, -127, 51, -127, 74, 20, 33, 7, 48, -126, 57, -17, -13]","[2, 2, 0, 0, 0, 0, 7, 7, 7, 2, 0, 3, 3, 2, 1, 4, 4, 2, 2, 7]","[-5, 46, -102, -128, 64, -6, 111, -112, 1, 55, -128, 66, 28, 37, 5, 32, -110, 61, -21, 115]","[-0.016458542562845187, 0.12590153574004886, -0.2711070625800786, -0.31733949916569265, 0.06556809042382428, -0.015447703402812086, 0.230549278691059, -0.2883571301858256, 0.003291708512569037, 0.1109294534668209, -0.8018013060562253, 0.13708335489738643, 0.08928806012071024, 0.12179321496505437, 0.010354036655951672, 0.07948300218957616, -0.19131789174605543, 0.062494586185207514, -0.04361743110371387, 0.3147538393501222]",0.9086999893188477,0.9087,-0.00279998779296875,-0.0030000000000000027,0.29529955983161926,0.34354946,0.42116553,-0.6317933,154.0,-230.0,1.0529588,384.0
1,model_0_1,conv2d/kernel,0,2,20,"[(2, 4, 0, 2), (0, 3, 0, 3), (3, 0, 0, 29), (2, 4, 0, 21), (0, 1, 0, 13), (2, 2, 0, 18), (2, 3, 0, 4), (3, 1, 0, 17), (0, 4, 0, 13), (3, 4, 0, 15), (3, 2, 0, 14), (2, 0, 0, 0), (2, 4, 0, 13), (2, 4, 0, 14), (2, 4, 0, 27), (2, 0, 0, 0), (1, 4, 0, 2), (4, 4, 0, 13), (3, 2, 0, 31), (4, 1, 0, 12)]","[-0.19616601, -0.28093943, -0.17182907, -0.2561462, -0.30256942, -1.1804308, -0.2743616, -0.3549934, -0.30256942, -0.31544816, -1.873036, -0.41804698, -0.30256942, -1.873036, -0.25802124, -0.41804698, -0.19616601, -0.30256942, -0.31486028, -0.79553723]","[0.19616601, 0.28093943, 0.17182907, 0.2561462, 0.30256942, 1.1804308, 0.2743616, 0.3549934, 0.30256942, 0.31544816, 1.873036, 0.41804698, 0.30256942, 1.873036, 0.25802124, 0.41804698, 0.19616601, 0.30256942, 0.31486028, 0.79553723]","[-0.0061074784, -0.16056964, -0.05186447, -0.03166451, -0.10722086, -0.026775494, 0.09788319, -0.34869716, 0.04812531, 0.022260025, -0.44993916, 0.015675344, 0.060279813, -0.008163001, 0.18544327, 0.02304196, -0.037514057, 0.03913107, 0.120931946, 0.03302923]","[-4, -73, -38, -16, -45, -3, 45, -125, 20, 9, -31, 5, 25, -1, 91, 5, -24, 16, 49, 5]","[4, 6, 5, 3, 1, 5, 7, 1, 7, 6, 5, 1, 0, 3, 1, 1, 4, 6, 0, 1]","[-20, -9, -6, -8, -47, -35, -83, -127, -108, 73, -63, 7, 24, -9, 89, 7, -8, 80, 48, 7]","[-0.030892284836356095, -0.019909093464453388, -0.008117909037222074, -0.016135193231537587, -0.11197450944757838, -0.32531556651348204, -0.1793071942066583, -0.35499340295791626, -0.25730312809230776, 0.1813205987449706, -0.9291438558908898, 0.02304195958798326, 0.05717847290940172, -0.1327348365558414, 0.18081803115334097, 0.02304195958798326, -0.012356913934542439, 0.19059490969800574, 0.11900231218713475, 0.043848508924949826]",0.9101999998092651,0.91,-0.0012999773025512695,-0.0016999999999999238,0.29031825065612793,0.34955856,0.2041654,0.17170759,34.0,28.0,0.032457814,6.0
2,model_1_0,conv2d_1/kernel,1,4,20,"[(4, 2, 22, 11), (4, 1, 24, 57), (0, 2, 6, 49), (4, 3, 15, 24), (0, 3, 6, 2), (0, 0, 7, 41), (3, 3, 19, 53), (4, 0, 1, 43), (0, 0, 16, 9), (4, 4, 8, 60), (0, 4, 17, 24), (2, 2, 27, 31), (2, 3, 14, 38), (2, 0, 6, 5), (0, 4, 21, 52), (3, 2, 21, 38), (3, 2, 24, 8), (2, 0, 21, 54), (4, 2, 12, 20), (2, 1, 2, 37)]","[-0.42015183, -0.3968622, -0.4322254, -0.7118184, -0.5515601, -0.4632039, -0.4645963, -0.5110385, -0.5493134, -0.42427385, -0.7118184, -0.5475643, -0.45975003, -0.5425477, -0.4550707, -0.45975003, -0.38130075, -0.55818623, -0.45471308, -0.4274976]","[0.42015183, 0.3968622, 0.4322254, 0.7118184, 0.5515601, 0.4632039, 0.4645963, 0.5110385, 0.5493134, 0.42427385, 0.7118184, 0.5475643, 0.45975003, 0.5425477, 0.4550707, 0.45975003, 0.38130075, 0.55818623, 0.45471308, 0.4274976]","[0.07128407, -0.09815404, -0.10140086, 0.031191347, 0.064584285, 0.16289644, -0.0011088499, -0.003624133, 0.15609097, -0.0028373187, 0.03594078, 0.024866002, 0.037924346, -0.43344373, 0.08496163, 0.13341925, -0.06724917, -0.08244848, -0.36044827, -0.1991698]","[22, -31, -30, 6, 15, 45, 0, -1, 36, -1, 6, 6, 10, -101, 24, 37, -22, -19, -101, -59]","[7, 3, 5, 1, 3, 3, 3, 3, 7, 5, 3, 2, 5, 5, 2, 5, 3, 5, 4, 7]","[-106, -23, -62, 4, 7, 37, 8, -9, -92, -33, 14, 2, 42, -69, 28, 5, -30, -51, -117, 69]","[-0.3506779051202489, -0.07187268349129385, -0.21100767860262412, 0.02241947707228773, 0.030400950608291025, 0.13494916975967527, 0.029265908744391493, -0.03621532550946934, -0.3979278361703467, -0.11024438583944726, 0.07846816975300706, 0.008623060279005156, 0.15204331583864106, -0.29477001175167056, 0.10033054896227019, 0.018100394742695366, -0.09007104269162876, -0.2241535266553323, -0.41890889711267365, 0.23226247317209017]",0.9110999703407288,0.9112,-0.0004000067710876465,-0.0004999999999999449,0.2896241247653961,0.3410235,0.10275762,-1.6229715,30.0,-482.0,1.7257291,512.0
3,model_1_1,conv2d_1/kernel,1,4,20,"[(2, 0, 5, 8), (2, 4, 24, 60), (2, 4, 7, 18), (4, 2, 8, 61), (1, 2, 2, 7), (4, 0, 11, 7), (4, 2, 7, 25), (3, 3, 4, 41), (0, 1, 9, 37), (4, 0, 3, 63), (1, 1, 2, 34), (2, 0, 3, 21), (3, 1, 27, 0), (2, 0, 26, 34), (4, 2, 27, 55), (2, 3, 21, 0), (3, 4, 1, 50), (1, 4, 2, 5), (0, 2, 19, 38), (2, 1, 19, 8)]","[-0.38130075, -0.42427385, -0.61037, -0.43715987, -0.44084367, -0.44084367, -0.55423445, -0.4632039, -0.4274976, -0.40499523, -0.62777966, -0.5622628, -0.5184392, -0.62777966, -0.50405544, -0.5184392, -0.48398802, -0.5425477, -0.45975003, -0.38130075]","[0.38130075, 0.42427385, 0.61037, 0.43715987, 0.44084367, 0.44084367, 0.55423445, 0.4632039, 0.4274976, 0.40499523, 0.62777966, 0.5622628, 0.5184392, 0.62777966, 0.50405544, 0.5184392, 0.48398802, 0.5425477, 0.45975003, 0.38130075]","[0.10456609, -0.1253363, 0.034307275, -0.016389951, 0.020308908, -0.2584906, -0.011439591, -0.039135262, -0.15113837, -0.031157615, -0.022310924, 0.13321483, 0.059249792, 0.07970919, -0.00206555, -0.072011955, 0.08302249, -0.020876244, 0.0115656555, -0.09418015]","[35, -38, 7, -5, 6, -74, -3, -11, -45, -10, -5, 30, 15, 16, -1, -18, 22, -5, 3, -31]","[5, 0, 2, 1, 1, 2, 1, 3, 1, 5, 1, 0, 6, 2, 7, 5, 0, 5, 2, 2]","[3, -37, 3, -7, 4, -78, -1, -3, -47, -42, -7, 31, 79, 20, 127, -50, 23, -37, 7, -27]","[0.009007104269162876, -0.1236073416987742, 0.014418188511855959, -0.02409542569025295, 0.013884840049142913, -0.2707543809582868, -0.0043640507487800176, -0.010941824575108805, -0.15820777158098898, -0.13393543132646815, -0.03460202864774569, 0.13724524392856388, 0.3224936592297291, 0.09886293899355911, 0.5040554404258728, -0.20410991090489186, 0.08765137312919136, -0.15806507876538856, 0.02534055263977351, -0.08106393842246588]",0.9110000133514404,0.9115,-0.0004999637603759766,-0.00019999999999997797,0.28947913646698,0.34289464,0.4703377,0.41787285,155.0,139.0,0.052464843,16.0
4,model_2_0,conv2d_2/kernel,2,6,20,"[(0, 2, 57, 92), (1, 2, 3, 39), (0, 0, 15, 20), (1, 0, 38, 11), (1, 1, 1, 22), (1, 1, 25, 69), (2, 1, 9, 65), (2, 2, 61, 27), (1, 2, 3, 81), (0, 1, 23, 61), (0, 0, 25, 79), (1, 2, 24, 22), (2, 1, 59, 71), (1, 0, 11, 48), (0, 1, 27, 81), (0, 2, 56, 11), (0, 0, 9, 12), (2, 2, 33, 68), (1, 0, 10, 2), (2, 1, 60, 58)]","[-0.4050469, -0.082864724, -0.38522574, -0.54999113, -0.36832818, -0.3971442, -0.28222787, -0.09199066, -0.4174733, -0.37387055, -0.36912605, -0.36832818, -0.41618958, -0.44241166, -0.4174733, -0.54999113, -0.43329978, -0.09169065, -0.4062506, -0.5415223]","[0.4050469, 0.082864724, 0.38522574, 0.54999113, 0.36832818, 0.3971442, 0.28222787, 0.09199066, 0.4174733, 0.37387055, 0.36912605, 0.36832818, 0.41618958, 0.44241166, 0.4174733, 0.54999113, 0.43329978, 0.09169065, 0.4062506, 0.5415223]","[0.07737545, 0.010164708, -0.086723186, -0.022517616, 0.10501162, -0.072664045, -0.1237116, -0.032543015, 0.031024918, -0.18229735, 0.012539388, 0.13783833, -0.2684352, 0.088932335, -0.049145952, 0.030453077, -0.21565564, -0.005467249, 0.037368808, 0.030568369]","[24, 16, -29, -5, 36, -23, -56, -45, 9, -62, 4, 48, -82, 26, -15, 7, -63, -8, 12, 7]","[3, 1, 0, 2, 4, 1, 7, 2, 6, 0, 3, 3, 0, 4, 3, 0, 3, 5, 1, 0]","[16, 18, -30, -1, 52, -21, 72, -41, 73, -61, 12, 56, -81, 10, -7, 6, -55, -40, 14, 6]","[0.05102953197449211, 0.011744606565302752, -0.09099820702094731, -0.004330638825424074, 0.15081153986022228, -0.0656695131241806, 0.16000320404533327, -0.02969777120614615, 0.23996495989363964, -0.17957561926578913, 0.034878052125765585, 0.16241242754177784, -0.2654437486111648, 0.034835563869926874, -0.023010338619938047, 0.025983832952544444, -0.18764951097683644, -0.028878945534623515, 0.04478353027283676, 0.025583731846546564]",0.9118000268936157,0.9119,0.0003000497817993164,0.000200000000000089,0.2889356017112732,0.3394602,0.10681287,0.12176679,25.0,28.0,0.014953919,3.0
5,model_2_1,conv2d_2/kernel,2,6,20,"[(0, 0, 58, 60), (1, 0, 0, 51), (2, 1, 3, 46), (1, 1, 62, 64), (0, 0, 9, 41), (0, 1, 32, 93), (2, 1, 13, 52), (0, 2, 2, 48), (2, 1, 18, 18), (2, 1, 50, 45), (2, 2, 14, 88), (0, 0, 10, 32), (1, 0, 24, 48), (2, 2, 15, 8), (1, 0, 56, 42), (1, 0, 9, 31), (0, 0, 37, 36), (1, 0, 22, 48), (0, 1, 43, 69), (1, 0, 12, 14)]","[-0.45630985, -0.49453902, -0.3968896, -0.4283024, -0.37787157, -0.47308788, -0.44591174, -0.44241166, -0.43209505, -0.09596295, -0.3124038, -0.22439125, -0.44241166, -0.3880544, -0.46759158, -0.390236, -0.40545613, -0.44241166, -0.3971442, -0.38664362]","[0.45630985, 0.49453902, 0.3968896, 0.4283024, 0.37787157, 0.47308788, 0.44591174, 0.44241166, 0.43209505, 0.09596295, 0.3124038, 0.22439125, 0.44241166, 0.3880544, 0.46759158, 0.390236, 0.40545613, 0.44241166, 0.3971442, 0.38664362]","[0.43734056, -0.14868085, 0.05534426, -0.36242265, 0.061309244, 0.15629704, -0.047617517, 0.013417086, -0.15688416, -0.036746956, 0.05515285, -0.111927465, 0.24510075, 0.11740632, 0.13746455, -0.112542026, 0.062245257, 0.10670036, -0.0006357883, 0.084346965]","[122, -38, 18, -107, 21, 42, -14, 4, -46, -49, 22, -63, 70, 38, 37, -37, 19, 31, 0, 28]","[1, 7, 1, 0, 3, 3, 4, 2, 7, 4, 0, 5, 1, 3, 4, 6, 6, 1, 0, 2]","[120, 90, 16, -108, 29, 34, -30, 0, 82, -33, 23, -31, 68, 46, 53, -101, 83, 29, 1, 24]","[0.4311589180953859, 0.3504607245678038, 0.05000183901448888, -0.36422566916998916, 0.08628563477298407, 0.1266534473952346, -0.10533348077864159, 0.0, 0.27899050524854285, -0.024935254489812327, 0.05657706579824132, -0.0547726677628014, 0.23688183431550275, 0.1405551372550604, 0.19513664517815657, -0.31034515762892295, 0.2649831372921861, 0.10102313522278793, 0.003127119672580028, 0.07306651055343508]",0.9115999937057495,0.9119,0.00010001659393310547,0.000200000000000089,0.2893449366092682,0.3436709,-0.42415532,-0.39031398,-140.0,-128.0,0.03384134,12.0
6,model_3_0,dense_last/kernel,3,9,20,"[(40, 5), (69, 2), (88, 2), (39, 8), (38, 9), (43, 4), (45, 5), (0, 5), (29, 2), (54, 4), (73, 6), (29, 5), (83, 2), (77, 3), (33, 3), (58, 1), (3, 5), (23, 6), (33, 7), (61, 7)]","[-1.308446, -1.308446, -1.308446, -1.308446, -1.308446, -1.308446, -1.308446, -1.308446, -1.308446, -1.308446, -1.308446, -1.308446, -1.308446, -1.308446, -1.308446, -1.308446, -1.308446, -1.308446, -1.308446, -1.308446]","[1.308446, 1.308446, 1.308446, 1.308446, 1.308446, 1.308446, 1.308446, 1.308446, 1.308446, 1.308446, 1.308446, 1.308446, 1.308446, 1.308446, 1.308446, 1.308446, 1.308446, 1.308446, 1.308446, 1.308446]","[-0.17526124, -0.010152085, -0.123125404, 0.017335765, -0.11568621, -0.028722612, -0.03307711, -0.23191853, -0.024248874, -0.1526891, 0.23845075, -0.03870107, -0.17165422, -0.35513982, -0.31337693, 0.4248033, 0.050836854, 0.11093089, -0.20156801, 0.07705188]","[-17, -1, -12, 2, -11, -3, -3, -23, -2, -15, 23, -4, -17, -34, -30, 41, 5, 11, -20, 7]","[2, 7, 7, 0, 1, 0, 1, 3, 1, 1, 3, 4, 6, 5, 2, 1, 3, 4, 3, 4]","[-21, 127, 116, 3, -9, -4, -1, -31, -4, -13, 31, -20, -81, -2, -26, 43, 13, 27, -28, 23]","[-0.21635722081492267, 1.3084460496902466, 1.19511607688243, 0.03090817440213181, -0.09272452320639543, -0.04121089920284241, -0.010302724800710603, -0.3193844688220287, -0.04121089920284241, -0.13393542240923784, 0.3193844688220287, -0.20605449601421205, -0.8345207088575588, -0.020605449601421206, -0.2678708448184757, 0.44301716643055594, 0.13393542240923784, 0.27817356961918627, -0.28847629441989686, 0.23696267041634386]",0.8985999822616577,0.8986,-0.012899994850158691,-0.0131,0.3242318034172058,0.3803685,-0.24538869,-0.8850319,-22.0,-86.0,0.6396432,64.0
7,model_3_1,dense_last/kernel,3,9,20,"[(34, 3), (44, 1), (39, 0), (13, 9), (89, 9), (19, 5), (81, 5), (58, 4), (83, 4), (94, 2), (52, 5), (4, 2), (7, 9), (71, 0), (91, 0), (49, 0), (55, 2), (93, 0), (54, 0), (67, 8)]","[-1.308446, -1.308446, -1.308446, -1.308446, -1.308446, -1.308446, -1.308446, -1.308446, -1.308446, -1.308446, -1.308446, -1.308446, -1.308446, -1.308446, -1.308446, -1.308446, -1.308446, -1.308446, -1.308446, -1.308446]","[1.308446, 1.308446, 1.308446, 1.308446, 1.308446, 1.308446, 1.308446, 1.308446, 1.308446, 1.308446, 1.308446, 1.308446, 1.308446, 1.308446, 1.308446, 1.308446, 1.308446, 1.308446, 1.308446, 1.308446]","[0.072891176, -0.34233955, 0.18735385, 0.13743956, 0.0029132036, 0.39854187, -0.26275876, -0.48124743, -0.17746097, 0.022703076, -0.14636084, 0.2829868, 0.050992247, 0.2182226, -0.1776417, -0.012446269, -0.18278722, 0.0685854, -0.29373693, 0.19307359]","[7, -33, 18, 13, 0, 39, -26, -47, -17, 2, -14, 27, 5, 21, -17, -1, -18, 7, -29, 19]","[3, 6, 3, 4, 6, 5, 5, 1, 4, 7, 1, 1, 3, 1, 7, 7, 7, 5, 5, 5]","[15, -97, 26, 29, 64, 7, -58, -45, -1, -126, -16, 25, 13, 23, 111, 127, 110, 39, -61, 51]","[0.15454087201065905, -0.9993643056689285, 0.2678708448184757, 0.2987790192206075, 0.6593743872454786, 0.07211907360497422, -0.597558038441215, -0.46362261603197713, -0.010302724800710603, -1.298143324889536, -0.16484359681136965, 0.2575681200177651, 0.13393542240923784, 0.23696267041634386, 1.1436024528788769, 1.3084460496902466, 1.1332997280781663, 0.4018062672277135, -0.6284662128433468, 0.5254389648362408]",0.8752999901771545,0.8755,-0.036199986934661865,-0.03620000000000001,0.441096693277359,0.5519302,-0.6660938,-1.9955554,-66.0,-194.0,1.3294616,128.0
8,model_0_0,conv2d/kernel,0,2,20,"[(3, 2, 0, 18), (1, 1, 0, 13), (1, 3, 0, 16), (2, 4, 0, 6), (0, 3, 0, 25), (2, 1, 0, 26), (1, 0, 0, 8), (4, 1, 0, 21), (4, 2, 0, 2), (4, 4, 0, 4), (4, 4, 0, 4), (1, 4, 0, 4), (2, 2, 0, 1), (2, 3, 0, 2), (2, 4, 0, 20), (3, 4, 0, 16), (1, 2, 0, 23), (1, 4, 0, 18), (1, 2, 0, 14), (4, 4, 0, 9)]","[-1.1804308, -0.30256942, -0.3302648, -0.3269764, -0.2637816, -0.13011168, -0.32898462, -0.2561462, -0.19616601, -0.2743616, -0.2743616, -0.2743616, -0.40498513, -0.19616601, -0.26310202, -0.3302648, -0.23532543, -1.1804308, -1.873036, -0.29012367]","[1.1804308, 0.30256942, 0.3302648, 0.3269764, 0.2637816, 0.13011168, 0.32898462, 0.2561462, 0.19616601, 0.2743616, 0.2743616, 0.2743616, 0.40498513, 0.19616601, 0.26310202, 0.3302648, 0.23532543, 1.1804308, 1.873036, 0.29012367]","[0.0056467056, 0.1826583, -0.13874212, 0.13131379, 0.15399738, -0.03156268, 0.079562284, 0.10263052, 0.022564847, -0.015845755, -0.084252775, 0.097726084, 0.103560284, -0.025254158, -0.012428592, 0.12428168, -0.006570443, 0.19873734, 0.15486282, 0.047273807]","[1, 77, -53, 51, 74, -31, 31, 51, 15, -7, -7, 45, 32, -16, -6, 48, -4, 21, 11, 21]","[1, 7, 7, 3, 1, 3, 5, 7, 5, 5, 0, 4, 1, 0, 5, 1, 2, 4, 3, 2]","[3, -51, 75, 59, 72, -23, 63, -77, 47, -39, -8, 61, 34, -15, -38, 50, -8, 5, 3, 17]","[0.02788419141544132, -0.12150425493247866, 0.19503827170124205, 0.15190241679431885, 0.14954547806987611, -0.02356353249606185, 0.16319709406124325, -0.15530123485354927, 0.07259686936543683, -0.08425277800071897, -0.017282621128352608, 0.13177998610368863, 0.10842121586086244, -0.023169213627267073, -0.07872344048943107, 0.1300255144674947, -0.014823648873276599, 0.04647365235906886, 0.0442449455186138, 0.03883545206287715]",0.907800018787384,0.9077,-0.003699958324432373,-0.0040000000000000036,0.30791786313056946,0.36356425,-0.10929131,-0.092414595,-48.0,-40.0,0.016876712,8.0
9,model_0_1,conv2d/kernel,0,2,20,"[(4, 1, 0, 17), (2, 4, 0, 11), (2, 1, 0, 16), (1, 3, 0, 12), (1, 3, 0, 17), (2, 2, 0, 25), (3, 1, 0, 0), (2, 3, 0, 1), (0, 4, 0, 16), (3, 3, 0, 15), (0, 2, 0, 22), (1, 1, 0, 18), (1, 3, 0, 11), (0, 1, 0, 9), (4, 2, 0, 10), (1, 1, 0, 14), (4, 0, 0, 5), (2, 4, 0, 3), (4, 0, 0, 8), (2, 3, 0, 25)]","[-0.3549934, -0.26299253, -0.3302648, -0.79553723, -0.3549934, -0.2637816, -0.41804698, -0.40498513, -0.3302648, -0.31544816, -0.2764671, -1.1804308, -0.26299253, -0.29012367, -1.8581172, -1.873036, -0.2208852, -0.28093943, -0.32898462, -0.2637816]","[0.3549934, 0.26299253, 0.3302648, 0.79553723, 0.3549934, 0.2637816, 0.41804698, 0.40498513, 0.3302648, 0.31544816, 0.2764671, 1.1804308, 0.26299253, 0.29012367, 1.8581172, 1.873036, 0.2208852, 0.28093943, 0.32898462, 0.2637816]","[0.107994705, 0.06697595, 0.14549321, -0.5446295, -0.0069984472, 0.028620392, -0.07598737, -0.12260104, -0.17610347, 0.19299468, -0.1752879, -0.6615898, 0.03861257, 0.055334646, -0.04809556, 0.22602606, 0.1488824, -0.05495079, -0.053423554, -0.066682115]","[39, 32, 56, -87, -3, 14, -23, -38, -68, 78, -81, -71, 19, 24, -3, 15, 86, -25, -21, -32]","[7, 5, 0, 4, 3, 2, 2, 7, 1, 1, 5, 0, 5, 1, 3, 4, 2, 6, 1, 6]","[-89, 0, 57, -71, -11, 10, -19, 90, -66, 76, -113, -72, 51, 26, -11, 31, 82, -89, -23, -96]","[-0.24877490443507516, 0.0, 0.14822908649294395, -0.4447491619530625, -0.030747460098717157, 0.020770205287482794, -0.0625424617388117, 0.2869973361022829, -0.17163367909709298, 0.18877213020024336, -0.24599042487895395, -0.6692205939705916, 0.10561117389070707, 0.05939539727263563, -0.16093928701295626, 0.45719777035900927, 0.14261879202887767, -0.19687881314848352, -0.05957989148267611, -0.19939397075983484]",0.9089999794960022,0.909,-0.002499997615814209,-0.0026999999999999247,0.30282241106033325,0.3599988,0.20878954,0.739637,104.0,360.0,0.5308475,256.0
10,model_1_0,conv2d_1/kernel,1,4,20,"[(3, 1, 6, 17), (1, 0, 19, 58), (2, 3, 24, 27), (3, 0, 16, 27), (4, 2, 14, 12), (3, 0, 2, 26), (2, 2, 21, 33), (4, 4, 21, 15), (3, 4, 1, 0), (1, 3, 22, 52), (2, 4, 31, 37), (3, 0, 20, 50), (0, 3, 14, 40), (1, 4, 16, 3), (0, 0, 12, 53), (1, 3, 0, 31), (2, 3, 16, 5), (3, 1, 18, 59), (0, 3, 28, 19), (2, 3, 24, 31)]","[-0.5406188, -0.5687687, -0.55178016, -0.55178016, -0.49775672, -0.41360962, -0.44516823, -0.60740906, -0.5184392, -0.4550707, -0.4274976, -0.48398802, -0.5135955, -0.090477355, -0.4645963, -0.5475643, -0.5425477, -0.52141166, -0.47254568, -0.5475643]","[0.5406188, 0.5687687, 0.55178016, 0.55178016, 0.49775672, 0.41360962, 0.44516823, 0.60740906, 0.5184392, 0.4550707, 0.4274976, 0.48398802, 0.5135955, 0.090477355, 0.4645963, 0.5475643, 0.5425477, 0.52141166, 0.47254568, 0.5475643]","[0.10686462, 0.19151916, -0.06564559, 0.15277535, -0.09878951, -0.025279747, -0.093025066, 0.06412005, -0.03489633, 0.15478344, -0.13610438, -0.08137694, -0.12782322, 0.046017386, 0.015342433, -0.08133033, -0.046643075, -0.029680165, 0.051143367, -0.28473854]","[25, 43, -15, 35, -25, -8, -27, 13, -9, 43, -40, -21, -32, 65, 4, -19, -11, -7, 14, -66]","[7, 7, 0, 7, 4, 5, 6, 6, 5, 4, 7, 4, 6, 3, 4, 4, 0, 3, 2, 6]","[-103, -85, -16, -93, -9, -40, -91, 77, -41, 59, 88, -5, -96, 73, 20, -3, -12, -15, 10, -2]","[-0.43845459889239213, -0.3806719512451352, -0.06951561124306026, -0.4040594903502877, -0.03527409823860709, -0.13027074768787295, -0.3189788082922537, 0.36827163480398223, -0.1673701269420113, 0.2114107995990693, 0.2962188063644049, -0.019054646332432906, -0.3882296855055441, 0.05200666852119401, 0.07316477186097874, -0.012934590418507733, -0.051264349869855744, -0.061584054015752836, 0.03720832152629462, -0.008623060279005156]",0.9110999703407288,0.9111,-0.0004000067710876465,-0.0005999999999999339,0.28817135095596313,0.33770493,0.6889616,-0.41550028,160.0,-96.0,1.1044619,256.0
11,model_1_1,conv2d_1/kernel,1,4,20,"[(4, 3, 5, 62), (1, 2, 16, 42), (3, 2, 6, 63), (2, 4, 28, 62), (3, 2, 28, 1), (1, 1, 0, 54), (3, 2, 1, 41), (4, 2, 11, 58), (2, 0, 5, 56), (3, 3, 18, 22), (1, 2, 26, 59), (2, 4, 30, 55), (3, 1, 6, 40), (3, 4, 12, 13), (2, 3, 11, 43), (3, 3, 16, 11), (2, 2, 14, 43), (4, 1, 4, 58), (4, 2, 27, 15), (4, 3, 21, 28)]","[-0.42921183, -0.6557504, -0.40499523, -0.42921183, -0.42802384, -0.55818623, -0.4632039, -0.5687687, -0.5495671, -0.53118527, -0.52141166, -0.50405544, -0.5135955, -0.5269838, -0.5110385, -0.42015183, -0.5110385, -0.5687687, -0.60740906, -0.5583135]","[0.42921183, 0.6557504, 0.40499523, 0.42921183, 0.42802384, 0.55818623, 0.4632039, 0.5687687, 0.5495671, 0.53118527, 0.52141166, 0.50405544, 0.5135955, 0.5269838, 0.5110385, 0.42015183, 0.5110385, 0.5687687, 0.60740906, 0.5583135]","[-0.107894674, 0.077811286, -0.0130932, 0.005341585, 0.11206211, -0.18868738, 0.09799316, 0.22226875, -0.050257027, 0.018974453, 0.017164128, -0.039210115, -0.049041383, 0.35959446, -0.17637135, -0.0018650945, -0.22554134, 0.0885328, -0.05698543, -0.10066416]","[-32, 15, -4, 2, 33, -43, 27, 50, -12, 5, 4, -10, -12, 87, -44, -1, -56, 20, -12, -23]","[2, 0, 3, 4, 6, 5, 0, 2, 7, 7, 5, 2, 3, 1, 1, 3, 6, 1, 5, 3]","[-28, 14, -12, 18, 97, -11, 26, 54, 116, -123, 36, -14, -4, 85, -42, -9, -120, 22, -44, -31]","[-0.09462937876934141, 0.0722874449932669, -0.03826726609327662, 0.0608331720660052, 0.3269158500855363, -0.04834683908252266, 0.09482914631760965, 0.24183865137926236, 0.5019668030926562, -0.514455024651655, 0.1478017296378068, -0.05556516666111984, -0.016176236896064337, 0.35270569127375684, -0.16900485237752358, -0.029774539113983395, -0.48287100679292455, 0.09852685796932911, -0.21044093417370413, -0.13628124533675787]",0.911899983882904,0.9118,0.0004000067710876465,0.00010000000000010001,0.28962814807891846,0.34291828,0.11092647,0.21777774,25.0,49.0,0.10685127,24.0
12,model_2_0,conv2d_2/kernel,2,6,20,"[(0, 0, 54, 33), (0, 2, 25, 32), (1, 2, 20, 10), (0, 2, 16, 13), (2, 1, 54, 2), (2, 0, 10, 45), (1, 2, 38, 20), (2, 2, 9, 18), (0, 0, 33, 46), (2, 1, 0, 46), (0, 0, 34, 2), (0, 1, 38, 66), (0, 2, 58, 56), (1, 1, 54, 54), (0, 0, 34, 48), (0, 1, 55, 53), (0, 1, 16, 60), (1, 1, 35, 92), (2, 1, 31, 15), (0, 0, 56, 81)]","[-0.42253208, -0.22439125, -0.38804615, -0.10020692, -0.4062506, -0.09596295, -0.38522574, -0.43209505, -0.3968896, -0.3968896, -0.4062506, -0.08675596, -0.69451714, -0.55430937, -0.44241166, -0.43403077, -0.45630985, -0.4050469, -0.4488265, -0.4174733]","[0.42253208, 0.22439125, 0.38804615, 0.10020692, 0.4062506, 0.09596295, 0.38522574, 0.43209505, 0.3968896, 0.3968896, 0.4062506, 0.08675596, 0.69451714, 0.55430937, 0.44241166, 0.43403077, 0.45630985, 0.4050469, 0.4488265, 0.4174733]","[0.22302389, -0.090263374, 0.06616341, 0.023988476, -0.25272316, 0.010104532, 0.15812095, -0.21961649, -0.0951748, 0.018519113, 0.13605721, 0.044776686, 0.15025277, 0.0389587, 0.07982679, -0.050315253, -0.044946518, -0.040874396, 0.037025176, -0.17309393]","[67, -51, 22, 30, -79, 13, 52, -65, -30, 6, 43, 66, 27, 9, 23, -15, -13, -13, 10, -53]","[7, 5, 2, 3, 6, 4, 1, 5, 1, 3, 2, 3, 1, 3, 5, 4, 3, 3, 6, 3]","[-61, -19, 18, 22, -15, 29, 54, -97, -32, 14, 47, 74, 25, 1, 55, -31, -5, -5, 74, -61]","[-0.20294848014050582, -0.033570344757846024, 0.05499866628271388, 0.01735867888439359, -0.04798235386375367, 0.021912799400138103, 0.16379677263770517, -0.3300253537696178, -0.10000367802897776, 0.04375160913767777, 0.15034470877309483, 0.05055071753779734, 0.13671597157876322, 0.004364640693964921, 0.1915956012845978, -0.10594451896787628, -0.01796495492064108, -0.015946728742028786, 0.26152094799702563, -0.200518665116603]",0.9104999899864197,0.9107,-0.0009999871253967285,-0.0010000000000000009,0.288920134305954,0.34242636,0.53226316,0.58711267,162.0,178.0,0.054849505,16.0
13,model_2_1,conv2d_2/kernel,2,6,20,"[(1, 2, 27, 76), (2, 2, 59, 89), (2, 2, 36, 75), (2, 0, 57, 21), (2, 1, 30, 93), (1, 2, 6, 79), (0, 1, 50, 28), (1, 2, 29, 18), (1, 1, 19, 23), (0, 2, 23, 3), (0, 2, 18, 63), (1, 0, 53, 88), (1, 1, 28, 64), (0, 2, 51, 31), (0, 1, 1, 34), (1, 2, 44, 61), (1, 2, 46, 65), (2, 2, 46, 27), (1, 1, 53, 41), (1, 2, 47, 78)]","[-0.41783446, -0.37608385, -0.08397249, -0.10479882, -0.47308788, -0.36912605, -0.4309065, -0.43209505, -0.32818732, -0.36490148, -0.3984574, -0.3124038, -0.4283024, -0.390236, -0.3971453, -0.37387055, -0.28222787, -0.09199066, -0.37787157, -0.5793028]","[0.41783446, 0.37608385, 0.08397249, 0.10479882, 0.47308788, 0.36912605, 0.4309065, 0.43209505, 0.32818732, 0.36490148, 0.3984574, 0.3124038, 0.4283024, 0.390236, 0.3971453, 0.37387055, 0.28222787, 0.09199066, 0.37787157, 0.5793028]","[0.03998747, -0.049778882, 0.026659587, -0.013107375, -0.037706483, 0.15819006, -0.013516725, -0.043702405, 0.025087457, -0.12045638, -0.046142437, -0.061812766, -0.05852609, 0.035252016, -0.042254552, 0.16453472, -0.15215448, -0.034808878, 0.11858047, -0.068038955]","[12, -17, 40, -16, -10, 54, -4, -13, 10, -42, -15, -25, -17, 11, -14, 56, -68, -48, 40, -15]","[0, 3, 5, 0, 0, 4, 2, 6, 7, 6, 6, 2, 6, 6, 6, 3, 0, 5, 5, 3]","[13, -25, 8, -15, -9, 38, -8, -77, -118, -106, -79, -29, -81, 75, -78, 48, -67, -16, 8, -7]","[0.042770456610702154, -0.07403225410641648, 0.005289605752689632, -0.012377813810438622, -0.03352591254579739, 0.11044716506492434, -0.02714371681213379, -0.26197888907485123, -0.3049299477592228, -0.30456344255312223, -0.24785933250517356, -0.07133630035430427, -0.27316925187749186, 0.2304543249719725, -0.24391601170141866, 0.14130540532389962, -0.14889187043107402, -0.011589374129227765, 0.02380293373047836, -0.031930074917049855]",0.9121999740600586,0.9124,0.0006999969482421875,0.0007000000000000339,0.2888294756412506,0.34044755,0.18822975,0.07990311,41.0,17.0,0.10832664,24.0
14,model_3_0,dense_last/kernel,3,9,20,"[(36, 9), (83, 1), (12, 4), (7, 0), (33, 2), (20, 2), (70, 3), (58, 9), (44, 3), (23, 7), (70, 9), (9, 9), (62, 4), (69, 9), (34, 7), (69, 3), (80, 7), (22, 8), (34, 3), (95, 9)]","[-1.308446, -1.308446, -1.308446, -1.308446, -1.308446, -1.308446, -1.308446, -1.308446, -1.308446, -1.308446, -1.308446, -1.308446, -1.308446, -1.308446, -1.308446, -1.308446, -1.308446, -1.308446, -1.308446, -1.308446]","[1.308446, 1.308446, 1.308446, 1.308446, 1.308446, 1.308446, 1.308446, 1.308446, 1.308446, 1.308446, 1.308446, 1.308446, 1.308446, 1.308446, 1.308446, 1.308446, 1.308446, 1.308446, 1.308446, 1.308446]","[-0.052197795, 0.17185026, -0.32083276, 0.20539321, -0.091623835, 0.2044147, 0.20144105, 0.14211261, 0.22533678, -0.02127755, 0.24029793, -0.14217892, -0.02774202, -0.11489584, -0.91641146, -0.34868398, 0.13731256, -0.08422321, 0.072891176, 0.16988581]","[-5, 17, -31, 20, -9, 20, 20, 14, 22, -2, 23, -14, -3, -11, -89, -34, 13, -8, 7, 16]","[2, 0, 3, 3, 3, 5, 5, 6, 4, 2, 2, 6, 7, 5, 6, 1, 3, 0, 5, 1]","[-1, 16, -23, 28, -1, 52, 52, 78, 6, -6, 19, -78, 125, -43, -25, -36, 5, -7, 39, 18]","[-0.010302724800710603, 0.16484359681136965, -0.23696267041634386, 0.28847629441989686, -0.010302724800710603, 0.5357416896369513, 0.5357416896369513, 0.803612534455427, 0.06181634880426362, -0.06181634880426362, 0.19575177121350146, -0.803612534455427, 1.2878406000888254, -0.44301716643055594, -0.2575681200177651, -0.3708980928255817, 0.05151362400355301, -0.07211907360497422, 0.4018062672277135, 0.18544904641279086]",0.9068999886512756,0.9068,-0.0045999884605407715,-0.004899999999999904,0.3067515194416046,0.3663825,-1.0947912,-1.1259177,-105.0,-109.0,0.0311265,4.0
15,model_3_1,dense_last/kernel,3,9,20,"[(0, 8), (89, 6), (42, 6), (87, 7), (87, 3), (90, 6), (19, 9), (61, 5), (47, 9), (93, 4), (81, 2), (21, 1), (50, 2), (68, 3), (58, 7), (2, 3), (61, 5), (23, 6), (67, 5), (7, 2)]","[-1.308446, -1.308446, -1.308446, -1.308446, -1.308446, -1.308446, -1.308446, -1.308446, -1.308446, -1.308446, -1.308446, -1.308446, -1.308446, -1.308446, -1.308446, -1.308446, -1.308446, -1.308446, -1.308446, -1.308446]","[1.308446, 1.308446, 1.308446, 1.308446, 1.308446, 1.308446, 1.308446, 1.308446, 1.308446, 1.308446, 1.308446, 1.308446, 1.308446, 1.308446, 1.308446, 1.308446, 1.308446, 1.308446, 1.308446, 1.308446]","[-0.09102834, 0.20906599, -0.02661413, 0.2634932, 0.27994213, -0.08887385, 0.051290385, -0.2125184, -0.20694476, 0.06322823, 0.24186993, -0.25359482, -0.0923357, -0.0407791, -0.37925032, 0.15107664, 1.1023916, 0.11093089, -0.10807133, -0.23978746]","[-9, 20, -3, 26, 27, -9, 5, -21, -20, 6, 23, -25, -9, -4, -37, 15, -21, 11, -10, -23]","[1, 0, 2, 3, 3, 3, 2, 7, 5, 5, 0, 1, 7, 2, 5, 6, 3, 6, 7, 6]","[-11, 21, -7, 18, 19, -1, 1, 107, -52, 38, 22, -27, 119, -8, -5, 79, -29, 75, 118, -87]","[-0.11332997280781663, 0.21635722081492267, -0.07211907360497422, 0.18544904641279086, 0.19575177121350146, -0.010302724800710603, 0.010302724800710603, 1.1023915536760345, -0.5357416896369513, 0.3915035424270029, 0.22665994561563327, -0.27817356961918627, 1.2260242512845618, -0.08242179840568482, -0.05151362400355301, 0.8139152592561376, -0.2987790192206075, 0.7727043600532952, 1.2157215264838512, -0.8963370576618225]",0.9057999849319458,0.906,-0.0056999921798706055,-0.005699999999999927,0.3090759217739105,0.37328258,0.68850803,3.3147063,65.0,321.0,2.6261983,256.0
16,model_0_0,conv2d/kernel,0,2,20,"[(3, 2, 0, 5), (1, 3, 0, 7), (1, 4, 0, 15), (0, 0, 0, 8), (4, 2, 0, 4), (1, 0, 0, 14), (0, 0, 0, 17), (4, 3, 0, 10), (3, 2, 0, 5), (4, 2, 0, 3), (3, 3, 0, 20), (1, 0, 0, 24), (1, 0, 0, 3), (1, 1, 0, 7), (2, 0, 0, 1), (1, 1, 0, 18), (4, 0, 0, 2), (0, 0, 0, 9), (1, 2, 0, 8), (1, 1, 0, 3)]","[-0.2208852, -0.17216218, -0.31544816, -0.32898462, -0.2743616, -1.873036, -0.3549934, -1.8581172, -0.2208852, -0.28093943, -0.26310202, -0.3867037, -0.28093943, -0.17216218, -0.40498513, -1.1804308, -0.19616601, -0.29012367, -0.32898462, -0.28093943]","[0.2208852, 0.17216218, 0.31544816, 0.32898462, 0.2743616, 1.873036, 0.3549934, 1.8581172, 0.2208852, 0.28093943, 0.26310202, 0.3867037, 0.28093943, 0.17216218, 0.40498513, 1.1804308, 0.19616601, 0.29012367, 0.32898462, 0.28093943]","[-0.2189073, 0.047065992, -0.31505716, -0.009132007, 0.09301272, 0.18687539, 0.11131642, -0.12964128, -0.10783372, -0.050405752, -0.190938, -0.16569445, -0.025150582, -0.1462835, 0.19830011, -0.6615898, 0.014970234, -0.13879769, 0.16955425, 0.22501636]","[-126, 35, -127, -4, 43, 13, 40, -9, -126, -23, -92, -54, -11, -108, 62, -71, 10, -61, 65, 102]","[6, 0, 2, 7, 3, 2, 5, 1, 0, 1, 5, 3, 4, 0, 7, 4, 6, 4, 6, 2]","[-62, 34, -123, 124, 35, 9, 8, -11, -125, -21, -124, -62, -27, -107, -66, -87, 74, -45, 1, 98]","[-0.10783372080232215, 0.0460906610714169, -0.30551278966618334, 0.3212133279935582, 0.07561146743654266, 0.1327348365558414, 0.022361789162703385, -0.16093928701295626, -0.21740669516597208, -0.046454551417057906, -0.25688701633393296, -0.18878448338020504, -0.059727280393360165, -0.14505002160710612, -0.21046471314167414, -0.8086415510477982, 0.11430145389451755, -0.10279972604879244, 0.0025904300644641787, 0.2167879066129369]",0.9106000065803528,0.9104,-0.000899970531463623,-0.0012999999999999678,0.2849213480949402,0.33481634,-0.46602035,-0.43310654,-196.0,-180.0,0.032913804,16.0
17,model_0_1,conv2d/kernel,0,2,20,"[(4, 2, 0, 29), (0, 2, 0, 8), (3, 2, 0, 18), (4, 0, 0, 4), (3, 0, 0, 17), (0, 0, 0, 15), (1, 3, 0, 5), (3, 3, 0, 1), (3, 3, 0, 4), (0, 1, 0, 29), (0, 4, 0, 3), (4, 0, 0, 19), (0, 3, 0, 17), (3, 3, 0, 1), (3, 3, 0, 23), (4, 4, 0, 26), (2, 3, 0, 15), (3, 3, 0, 12), (1, 0, 0, 2), (0, 3, 0, 12)]","[-0.17182907, -0.32898462, -1.1804308, -0.2743616, -0.3549934, -0.31544816, -0.2208852, -0.40498513, -0.2743616, -0.17182907, -0.28093943, -0.34086818, -0.3549934, -0.40498513, -0.23532543, -0.13011168, -0.31544816, -0.79553723, -0.19616601, -0.79553723]","[0.17182907, 0.32898462, 1.1804308, 0.2743616, 0.3549934, 0.31544816, 0.2208852, 0.40498513, 0.2743616, 0.17182907, 0.28093943, 0.34086818, 0.3549934, 0.40498513, 0.23532543, 0.13011168, 0.31544816, 0.79553723, 0.19616601, 0.79553723]","[-0.17164601, 0.19672024, 0.0056467056, -0.2247738, -0.15041979, -0.13582815, 0.00761238, -0.055122953, 0.2743645, 0.0017295225, -0.28052378, 0.086406045, 0.06733059, -0.060588326, -0.10219675, -0.07277488, 0.03874921, 0.06200939, 0.07938875, -0.79570496]","[-127, 76, 1, -104, -54, -55, 4, -17, 127, 1, -127, 32, 24, -17, -55, -71, 16, 10, 51, -127]","[5, 3, 0, 2, 4, 5, 6, 1, 7, 5, 7, 3, 5, 7, 4, 4, 0, 1, 0, 6]","[-95, 68, 0, -100, -38, -23, 68, -19, -1, 33, 1, 40, 56, 111, -39, -87, 17, 8, 50, -63]","[-0.12853355975601616, 0.17614924438356414, 0.0, -0.2160327641044076, -0.10621849852284108, -0.05712840782375786, 0.11826924217028881, -0.060588326510481946, -0.002160327641044076, 0.04464849970472141, 0.0022121214960503766, 0.10736005512748177, 0.1565325241389237, 0.35396338119281556, -0.07226528825722342, -0.08913162291988613, 0.04222534491321233, 0.050112581628514084, 0.07723071209089023, -0.39463658032454846]",0.9064000248908997,0.9061,-0.005099952220916748,-0.005599999999999938,0.30294686555862427,0.35835615,1.4363861,0.233181,229.0,37.0,1.2032051,192.0
18,model_1_0,conv2d_1/kernel,1,4,20,"[(1, 1, 21, 59), (2, 1, 8, 46), (1, 3, 28, 21), (2, 0, 6, 39), (4, 2, 26, 58), (0, 0, 8, 40), (0, 3, 14, 10), (4, 0, 13, 40), (2, 0, 1, 5), (2, 3, 0, 16), (4, 0, 18, 56), (3, 3, 31, 44), (0, 1, 28, 26), (3, 4, 0, 26), (0, 2, 21, 61), (2, 1, 18, 57), (1, 0, 27, 37), (0, 0, 19, 48), (3, 2, 26, 57), (1, 1, 17, 13)]","[-0.52141166, -0.4919573, -0.5622628, -0.40541503, -0.5687687, -0.5135955, -0.59187526, -0.5135955, -0.5425477, -0.5541169, -0.5495671, -0.5272056, -0.41360962, -0.41360962, -0.43715987, -0.3968622, -0.4274976, -0.43508157, -0.3968622, -0.5269838]","[0.52141166, 0.4919573, 0.5622628, 0.40541503, 0.5687687, 0.5135955, 0.59187526, 0.5135955, 0.5425477, 0.5541169, 0.5495671, 0.5272056, 0.41360962, 0.41360962, 0.43715987, 0.3968622, 0.4274976, 0.43508157, 0.3968622, 0.5269838]","[-0.011502137, -0.0650829, -0.04202768, 0.07297007, -0.09835271, -0.13192782, -0.18680914, -0.01851154, 0.11687639, -0.05271368, 0.043807585, 0.094425455, 0.073924705, -0.119912356, -0.23417637, -0.0051783808, -0.09535288, -0.008263541, -0.11719499, 0.016011829]","[-3, -17, -9, 23, -22, -33, -40, -5, 27, -12, 10, 23, 23, -37, -68, -2, -28, -2, -38, 4]","[4, 3, 0, 2, 7, 7, 6, 7, 2, 7, 3, 0, 4, 2, 6, 1, 2, 6, 1, 0]","[-19, -25, -10, 19, 106, 95, -104, 123, 31, 116, 2, 22, 7, -33, -4, -4, -32, -66, -40, 5]","[-0.0780064684199536, -0.09684198953973966, -0.0442726593317948, 0.060652642034170194, 0.4747203156704039, 0.384185626281528, -0.48468524827731874, 0.4974192845539784, 0.13243290383046066, 0.5061225271600438, 0.008654600053321658, 0.09132695198059082, 0.022797380845377763, -0.10747336684249517, -0.013768814680144542, -0.012499597128920667, -0.10771592958705632, -0.22610538353131512, -0.12499597128920668, 0.020747393604338638]",0.9114000201225281,0.9115,-9.995698928833008e-05,-0.00019999999999997797,0.28926992416381836,0.34280014,-0.19255102,-0.21149328,-47.0,-51.0,0.018942267,4.0
19,model_1_1,conv2d_1/kernel,1,4,20,"[(1, 1, 18, 10), (1, 1, 21, 40), (1, 1, 2, 21), (1, 2, 1, 42), (3, 3, 11, 20), (1, 2, 23, 29), (3, 2, 22, 0), (4, 4, 4, 55), (1, 0, 14, 25), (4, 1, 13, 52), (4, 4, 27, 33), (3, 2, 9, 40), (1, 0, 0, 4), (4, 2, 16, 60), (4, 4, 29, 32), (1, 4, 24, 25), (2, 1, 31, 63), (0, 3, 24, 28), (4, 0, 21, 56), (2, 3, 18, 24)]","[-0.59187526, -0.5135955, -0.5622628, -0.6557504, -0.45471308, -0.470208, -0.5184392, -0.50405544, -0.55423445, -0.4550707, -0.44516823, -0.5135955, -0.58753234, -0.42427385, -0.4096759, -0.55423445, -0.40499523, -0.5583135, -0.5495671, -0.7118184]","[0.59187526, 0.5135955, 0.5622628, 0.6557504, 0.45471308, 0.470208, 0.5184392, 0.50405544, 0.55423445, 0.4550707, 0.44516823, 0.5135955, 0.58753234, 0.42427385, 0.4096759, 0.55423445, 0.40499523, 0.5583135, 0.5495671, 0.7118184]","[-0.016617619, -0.07781176, -0.17515919, -0.026461912, -0.020954665, -0.046215974, 0.10856156, -0.07075185, -0.09319846, -0.024352897, -0.19835488, 0.053564057, 0.030011864, 0.2418851, 0.16257437, 0.11226943, 0.00318107, 0.021013953, 0.07858422, -0.064383626]","[-4, -19, -40, -5, -6, -12, 27, -18, -21, -7, -57, 13, 6, 72, 50, 26, 1, 5, 18, -11]","[2, 4, 4, 3, 0, 6, 6, 6, 2, 3, 2, 2, 2, 6, 1, 3, 7, 3, 5, 1]","[-8, -3, -56, -13, -5, -76, 91, -82, -17, -15, -61, 9, 2, 8, 48, 18, -127, 13, 50, -9]","[-0.037283480636716826, -0.012132177672048253, -0.24792689225805087, -0.06712405606517642, -0.017902089620199728, -0.2813843085071233, 0.37148003784690314, -0.32545311901513047, -0.0741888627292603, -0.05374850837264474, -0.21382095940469756, 0.03639653301614476, 0.009252477818586695, 0.02672591171865388, 0.15483813398466337, 0.07855291347804032, -0.40499523282051086, 0.057150199657350076, 0.21636500133304146, -0.050443823412647394]",0.9118000268936157,0.9122,0.0003000497817993164,0.000500000000000056,0.2887220084667206,0.33788326,0.39306685,0.33730763,69.0,61.0,0.05575922,8.0
20,model_2_0,conv2d_2/kernel,2,6,20,"[(2, 2, 49, 46), (2, 1, 52, 74), (1, 0, 14, 65), (0, 2, 39, 7), (2, 1, 48, 7), (2, 0, 16, 65), (2, 0, 17, 12), (0, 0, 8, 38), (0, 1, 61, 51), (0, 2, 16, 82), (1, 0, 41, 28), (1, 0, 8, 92), (1, 2, 22, 5), (1, 0, 24, 64), (2, 2, 58, 15), (0, 2, 56, 32), (1, 2, 43, 65), (2, 0, 41, 15), (2, 0, 13, 91), (1, 2, 45, 1)]","[-0.3968896, -0.39196727, -0.28222787, -0.3530148, -0.3530148, -0.28222787, -0.43329978, -0.41202545, -0.49453902, -0.33409527, -0.4309065, -0.4050469, -0.42240787, -0.4283024, -0.4488265, -0.22439125, -0.28222787, -0.4488265, -0.2407509, -0.084201954]","[0.3968896, 0.39196727, 0.28222787, 0.3530148, 0.3530148, 0.28222787, 0.43329978, 0.41202545, 0.49453902, 0.33409527, 0.4309065, 0.4050469, 0.42240787, 0.4283024, 0.4488265, 0.22439125, 0.28222787, 0.4488265, 0.2407509, 0.084201954]","[0.056365293, -0.10033202, -0.025216276, -0.32141384, -0.0049431026, -0.004350485, 0.035048977, -0.0677446, 0.087685764, -0.07160041, -0.16619776, 0.1219432, -0.011091695, 0.010907353, 0.16509429, -0.048605505, -0.021286726, -0.022659741, -0.01801071, 0.019994386]","[18, -33, -11, -116, -2, -2, 10, -21, 23, -27, -49, 38, -3, 3, 47, -28, -10, -6, -10, 30]","[3, 1, 7, 0, 0, 3, 3, 3, 0, 3, 3, 6, 6, 3, 7, 7, 7, 2, 2, 2]","[26, -35, 117, -115, -1, -10, 2, -29, 22, -19, -57, 102, -67, 11, -81, 100, 118, -2, -14, 26]","[0.08125298839854443, -0.10802247510181637, 0.26000520657366655, -0.3196590681245008, -0.002779644070647833, -0.022222667228518508, 0.006823618580975871, -0.09408455195389395, 0.08566817711657426, -0.04998275684559439, -0.19339898228645325, 0.3253132663373872, -0.22284509441045325, 0.03709705889694334, -0.2862594160507983, 0.17668602504129485, 0.2622274732965184, -0.007068133729649341, -0.026539468624460414, 0.017238195369562764]",0.9115999937057495,0.9116,0.00010001659393310547,-9.999999999998899e-05,0.28914138674736023,0.33982676,0.014634423,0.022902992,23.0,35.0,0.008268569,12.0
21,model_2_1,conv2d_2/kernel,2,6,20,"[(2, 1, 4, 85), (0, 0, 43, 13), (1, 2, 55, 71), (2, 1, 12, 91), (0, 2, 5, 78), (0, 2, 38, 51), (2, 2, 19, 8), (2, 0, 47, 29), (2, 1, 61, 64), (0, 2, 12, 55), (2, 2, 17, 64), (2, 1, 23, 79), (1, 2, 18, 62), (1, 2, 15, 37), (2, 0, 61, 92), (0, 1, 53, 38), (0, 2, 10, 0), (1, 2, 45, 20), (2, 1, 57, 75), (2, 2, 27, 53)]","[-0.42447054, -0.10020692, -0.41618958, -0.2407509, -0.5793028, -0.49453902, -0.3880544, -0.32449234, -0.4283024, -0.44954783, -0.4283024, -0.36912605, -0.45138773, -0.38667053, -0.4050469, -0.41202545, -0.08687074, -0.38522574, -0.08397249, -0.43403077]","[0.42447054, 0.10020692, 0.41618958, 0.2407509, 0.5793028, 0.49453902, 0.3880544, 0.32449234, 0.4283024, 0.44954783, 0.4283024, 0.36912605, 0.45138773, 0.38667053, 0.4050469, 0.41202545, 0.08687074, 0.38522574, 0.08397249, 0.43403077]","[-0.05159559, -0.019998586, 0.008095977, 0.10808919, -0.33430082, -0.08581737, -0.15957578, 0.04912397, 0.047514986, -0.056640852, -0.08839952, 0.13953382, -0.06253449, 0.10485948, -0.1323551, -0.23024592, -0.0010029129, -0.03186837, -0.01741261, 0.089113995]","[-15, -25, 2, 57, -73, -22, -52, 19, 14, -16, -26, 48, -18, 34, -41, -71, -1, -11, -26, 26]","[3, 4, 6, 0, 7, 6, 7, 3, 5, 7, 5, 3, 6, 1, 1, 2, 2, 5, 6, 5]","[-7, -9, 66, 56, 55, -86, 76, 27, 46, 112, -58, 56, -82, 32, -43, -67, -5, -43, -90, 58]","[-0.023396014228580505, -0.0071012777254337404, 0.21628749886835655, 0.10615787449784166, 0.2508791600625346, -0.3348846923647903, 0.2322215311170563, 0.06898655947737807, 0.15513315538721761, 0.396451627175639, -0.19560267418388308, 0.16276424325357272, -0.2914471978277672, 0.09742879492091382, -0.13714186718144755, -0.21736775796244465, -0.0034201077706231845, -0.13043076339669116, -0.05950806471775836, 0.19821877742376853]",0.9110999703407288,0.9111,-0.0004000067710876465,-0.0005999999999999339,0.2888122498989105,0.34345004,-0.14395669,-0.36216626,-41.0,-105.0,0.21820956,64.0
22,model_3_0,dense_last/kernel,3,9,20,"[(48, 8), (26, 7), (26, 3), (26, 5), (37, 9), (91, 3), (33, 1), (38, 1), (78, 5), (46, 9), (94, 9), (55, 6), (87, 6), (38, 9), (64, 1), (24, 0), (69, 8), (82, 7), (79, 6), (42, 2)]","[-1.308446, -1.308446, -1.308446, -1.308446, -1.308446, -1.308446, -1.308446, -1.308446, -1.308446, -1.308446, -1.308446, -1.308446, -1.308446, -1.308446, -1.308446, -1.308446, -1.308446, -1.308446, -1.308446, -1.308446]","[1.308446, 1.308446, 1.308446, 1.308446, 1.308446, 1.308446, 1.308446, 1.308446, 1.308446, 1.308446, 1.308446, 1.308446, 1.308446, 1.308446, 1.308446, 1.308446, 1.308446, 1.308446, 1.308446, 1.308446]","[0.43574077, -0.0134394225, -0.56118727, 0.07215572, 0.08791552, 0.113237485, -0.6358375, -0.703659, 0.20639677, -0.29250988, -0.13868532, -0.2252033, 0.081038676, -0.11568621, -0.029642727, -0.045494374, -0.6448348, 0.11989157, -0.10458963, 0.28171882]","[42, -1, -54, 7, 9, 11, -62, -68, 20, -28, -13, -22, 8, -11, -3, -4, -63, 12, -10, 27]","[2, 7, 5, 2, 1, 0, 5, 2, 0, 4, 6, 0, 2, 4, 4, 1, 5, 4, 1, 2]","[46, 127, -22, 3, 11, 10, -30, -72, 21, -12, -77, -21, 12, -27, -19, -2, -31, 28, -12, 31]","[0.4739253408326877, 1.3084460496902466, -0.22665994561563327, 0.03090817440213181, 0.11332997280781663, 0.10302724800710603, -0.3090817440213181, -0.7417961856511635, 0.21635722081492267, -0.12363269760852724, -0.7933098096547164, -0.21635722081492267, 0.12363269760852724, -0.27817356961918627, -0.19575177121350146, -0.020605449601421206, -0.3193844688220287, 0.28847629441989686, -0.12363269760852724, 0.3193844688220287]",0.9077000021934509,0.908,-0.0037999749183654785,-0.0036999999999999256,0.30499663949012756,0.36504743,-1.4303417,-1.5810043,-138.0,-154.0,0.15066254,16.0
23,model_3_1,dense_last/kernel,3,9,20,"[(7, 4), (29, 1), (44, 3), (40, 1), (61, 8), (58, 9), (90, 5), (39, 2), (50, 2), (48, 7), (93, 9), (16, 9), (72, 0), (41, 4), (81, 1), (73, 3), (25, 7), (5, 7), (13, 9), (38, 2)]","[-1.308446, -1.308446, -1.308446, -1.308446, -1.308446, -1.308446, -1.308446, -1.308446, -1.308446, -1.308446, -1.308446, -1.308446, -1.308446, -1.308446, -1.308446, -1.308446, -1.308446, -1.308446, -1.308446, -1.308446]","[1.308446, 1.308446, 1.308446, 1.308446, 1.308446, 1.308446, 1.308446, 1.308446, 1.308446, 1.308446, 1.308446, 1.308446, 1.308446, 1.308446, 1.308446, 1.308446, 1.308446, 1.308446, 1.308446, 1.308446]","[-0.1646023, -0.15057595, 0.22533678, 0.15327173, 0.36599275, 0.14211261, 0.12279223, -0.03494604, -0.0923357, -0.3873172, 0.054544024, -0.2121895, 0.13954587, 0.23421644, -0.27511746, -0.17305602, -0.26072067, -0.2760398, 0.13743956, -0.4271951]","[-16, -15, 22, 15, 36, 14, 12, -3, -9, -38, 5, -21, 14, 23, -27, -17, -25, -27, 13, -41]","[3, 7, 2, 6, 3, 3, 3, 5, 4, 3, 4, 2, 0, 5, 6, 7, 6, 4, 6, 3]","[-8, 113, 18, 79, 44, 6, 4, -35, -25, -46, 21, -17, 15, 55, -91, 111, -89, -11, 77, -33]","[-0.08242179840568482, 1.164207902480298, 0.18544904641279086, 0.8139152592561376, 0.45331989123126654, 0.06181634880426362, 0.04121089920284241, -0.36059536802487113, -0.2575681200177651, -0.4739253408326877, 0.21635722081492267, -0.17514632161208024, 0.15454087201065905, 0.5666498640390831, -0.9375479568646649, 1.1436024528788769, -0.9169425072632437, -0.11332997280781663, 0.7933098096547164, -0.3399899184234499]",0.9061999917030334,0.9064,-0.005299985408782959,-0.005299999999999971,0.31237730383872986,0.36789212,0.56864715,0.21982643,86.0,54.0,0.34882072,32.0
24,model_0_0,conv2d/kernel,0,2,20,"[(4, 0, 0, 8), (3, 3, 0, 2), (2, 0, 0, 31), (3, 0, 0, 30), (4, 0, 0, 13), (0, 1, 0, 18), (4, 3, 0, 4), (3, 1, 0, 8), (1, 0, 0, 3), (0, 1, 0, 13), (2, 4, 0, 8), (3, 1, 0, 0), (3, 1, 0, 3), (0, 2, 0, 17), (2, 4, 0, 5), (2, 3, 0, 25), (1, 3, 0, 5), (0, 4, 0, 15), (0, 1, 0, 25), (3, 2, 0, 3)]","[-0.32898462, -0.19616601, -0.31486028, -0.34759772, -0.30256942, -1.1804308, -0.2743616, -0.32898462, -0.28093943, -0.30256942, -0.32898462, -0.41804698, -0.28093943, -0.3549934, -0.2208852, -0.2637816, -0.2208852, -0.31544816, -0.2637816, -0.28093943]","[0.32898462, 0.19616601, 0.31486028, 0.34759772, 0.30256942, 1.1804308, 0.2743616, 0.32898462, 0.28093943, 0.30256942, 0.32898462, 0.41804698, 0.28093943, 0.3549934, 0.2208852, 0.2637816, 0.2208852, 0.31544816, 0.2637816, 0.28093943]","[-0.053423554, 0.05323364, 0.052739546, -0.09369157, -0.05610412, -1.1807445, 0.1285593, -0.08133344, -0.025150582, -0.10722086, -0.0786067, -0.07598737, -0.020428516, 0.13843769, -0.11115393, -0.066682115, 0.00761238, 0.010317124, 0.14360312, -0.038166553]","[-21, 34, 21, -34, -24, -127, 60, -31, -11, -45, -30, -23, -9, 50, -64, -32, 4, 4, 69, -17]","[6, 2, 4, 1, 2, 1, 4, 7, 5, 7, 1, 6, 5, 1, 6, 4, 1, 2, 6, 2]","[-85, 38, 5, -36, -20, -125, 44, 97, -43, 83, -32, -87, -41, 48, -128, -16, 6, 0, 5, -21]","[-0.22018655547945518, 0.05869534118907658, 0.01239607418615987, -0.0985316366661252, -0.047648727424501436, -1.1618413089767217, 0.09505441620593935, 0.2512717162530253, -0.09512122433016619, 0.19774221881168094, -0.08289376206285372, -0.2863786405935062, -0.09069698133806545, 0.1341707349762203, -0.2226244558499554, -0.03323232845997247, 0.010435521367966659, 0.0, 0.010385102643741397, -0.046454551417057906]",0.9108999967575073,0.9115,-0.000599980354309082,-0.00019999999999997797,0.287515789270401,0.33888426,"[0.044097587, -0.42776838, -0.18164538, -0.06432235, -0.1382067, 1.7245317, -0.034146458, 0.42749715, 0.2875741, 0.3527106, 0.0018375143, 0.6389769, 0.42592853, 0.053124048, 0.4042982, 0.21663973, -0.27829337, -0.1614523, -0.43235087, -0.043812666]","[0.3776236, -0.44961518, -0.060614966, -0.049802173, -0.1551175, 1.6678219, 0.066368215, -0.9029235, 0.49748603, -0.5621786, 0.014698684, 1.480542, 0.7070024, 0.06592489, 0.73870975, 0.08284058, -0.28958595, -0.14081804, -0.032696843, -0.010660663]","[18.0, -274.0, -72.0, -24.0, -57.0, 185.0, -17.0, 164.0, 130.0, 148.0, -1.0, 193.0, 192.0, 18.0, 234.0, 104.0, -157.0, -65.0, -208.0, 11.0]","[146.0, -290.0, -24.0, -18.0, -65.0, 179.0, 31.0, -348.0, 226.0, -236.0, 5.0, 449.0, 320.0, 24.0, 426.0, 40.0, -165.0, -57.0, -16.0, 27.0]","[0.33352602, 0.021846801, 0.12103041, 0.0145201795, 0.016910791, 0.056709766, 0.10051467, 1.3304207, 0.20991191, 0.9148892, 0.01286117, 0.8415651, 0.28107387, 0.0128008425, 0.33441156, 0.13379915, 0.011292577, 0.020634249, 0.39965403, 0.033152003]","[128.0, 16.0, 48.0, 6.0, 8.0, 6.0, 48.0, 512.0, 96.0, 384.0, 6.0, 256.0, 128.0, 6.0, 192.0, 64.0, 8.0, 8.0, 192.0, 16.0]"
25,model_0_1,conv2d/kernel,0,2,20,"[(2, 4, 0, 8), (4, 1, 0, 13), (2, 1, 0, 28), (0, 3, 0, 7), (2, 3, 0, 5), (2, 2, 0, 5), (3, 0, 0, 29), (3, 2, 0, 28), (4, 3, 0, 30), (3, 0, 0, 8), (3, 4, 0, 6), (1, 3, 0, 20), (2, 0, 0, 8), (1, 4, 0, 22), (2, 2, 0, 17), (0, 1, 0, 24), (4, 4, 0, 3), (2, 2, 0, 12), (3, 4, 0, 14), (2, 1, 0, 7)]","[-0.32898462, -0.30256942, -0.33755487, -0.17216218, -0.2208852, -0.2208852, -0.17182907, -0.33755487, -0.34759772, -0.32898462, -0.3269764, -0.26310202, -0.32898462, -0.2764671, -0.3549934, -0.3867037, -0.28093943, -0.79553723, -1.873036, -0.17216218]","[0.32898462, 0.30256942, 0.33755487, 0.17216218, 0.2208852, 0.2208852, 0.17182907, 0.33755487, 0.34759772, 0.32898462, 0.3269764, 0.26310202, 0.32898462, 0.2764671, 0.3549934, 0.3867037, 0.28093943, 0.79553723, 1.873036, 0.17216218]","[-0.0786067, -0.26085782, 0.13524513, 0.06566868, -0.132881, 0.14747679, -0.05186447, -0.12963435, 0.0778356, 0.03662871, -0.04587454, 0.1954796, 0.06806666, 0.20500633, -0.075949386, -0.2702937, -0.11418971, 0.19589706, -0.17893931, -0.17257412]","[-30, -109, 51, 48, -76, 85, -38, -49, 28, 14, -18, 94, 26, 94, -27, -89, -52, 31, -12, -127]","[1, 4, 5, 5, 5, 1, 6, 7, 7, 1, 7, 6, 0, 3, 3, 7, 0, 4, 6, 2]","[-32, -125, 19, 16, -108, 87, -102, 79, -100, 12, 110, 30, 27, 86, -19, 39, -51, 15, -76, -123]","[-0.08289376206285372, -0.297804546403134, 0.05050033518648523, 0.021689722857137366, -0.18783938462339986, 0.15131505983551657, -0.13800445363277525, 0.20997507788064912, -0.27369899073923665, 0.031085160773570143, 0.2832078957182216, 0.062150084596919265, 0.06994161174053282, 0.18721395167778795, -0.05310924926142054, 0.1187515298681935, -0.1128181962985692, 0.09396109055346391, -1.1208719531382163, -0.1667397444642435]",0.9021999835968018,0.9023,-0.009299993515014648,-0.009399999999999964,0.3061382472515106,0.3563059,"[0.0018375143, 0.30938497, -0.38696992, 0.06981784, 0.41957858, -0.9466181, -0.0757074, 0.30993575, -0.3289016, -0.17657647, -0.0032126158, -0.5551186, 0.038226835, -0.5164127, -0.25854665, 0.6224179, 0.18666527, -0.5072038, -0.6738965, 0.5678626]","[0.014698684, 0.4202251, -0.04799074, 0.20175472, 0.63941216, -0.96197116, 0.18271254, -1.048502, 0.72570217, -0.15994583, -0.9904599, -0.02180054, 0.032601975, -0.46303558, -0.34990716, -0.5447178, 0.18392225, -0.099459976, 2.1519012, 0.544525]","[-1.0, 128.0, -146.0, 53.0, 239.0, -513.0, -57.0, 117.0, -119.0, -68.0, -1.0, -266.0, 18.0, -237.0, -93.0, 205.0, 85.0, -80.0, -46.0, 418.0]","[5.0, 176.0, -18.0, 149.0, 367.0, -521.0, 135.0, -395.0, 265.0, -62.0, -385.0, -10.0, 15.0, -213.0, -125.0, -179.0, 83.0, -16.0, 146.0, 402.0]","[0.01286117, 0.11084014, 0.33897918, 0.13193688, 0.21983358, 0.015353084, 0.25841993, 1.3584378, 1.0546038, 0.016630635, 0.9872473, 0.5333181, 0.0056248605, 0.053377092, 0.09136051, 1.1671357, 0.0027430207, 0.40774384, 2.8257978, 0.023337543]","[6.0, 48.0, 128.0, 96.0, 128.0, 8.0, 192.0, 512.0, 384.0, 6.0, 384.0, 256.0, 3.0, 24.0, 32.0, 384.0, 2.0, 64.0, 192.0, 16.0]"
26,model_1_0,conv2d_1/kernel,1,4,20,"[(4, 3, 24, 21), (3, 1, 26, 7), (4, 4, 31, 51), (3, 0, 27, 15), (4, 2, 1, 12), (1, 0, 6, 41), (3, 4, 4, 6), (2, 0, 1, 29), (2, 3, 5, 21), (4, 4, 24, 44), (0, 1, 12, 41), (0, 1, 6, 13), (3, 3, 27, 31), (0, 3, 2, 7), (4, 1, 18, 56), (0, 3, 6, 35), (2, 4, 1, 56), (3, 0, 23, 33), (3, 2, 14, 30), (4, 2, 19, 18)]","[-0.5622628, -0.44084367, -0.6980976, -0.60740906, -0.49775672, -0.4632039, -0.5211625, -0.470208, -0.5622628, -0.5272056, -0.4632039, -0.5269838, -0.5475643, -0.44084367, -0.5495671, -0.41162112, -0.5495671, -0.44516823, -0.4680147, -0.61037]","[0.5622628, 0.44084367, 0.6980976, 0.60740906, 0.49775672, 0.4632039, 0.5211625, 0.470208, 0.5622628, 0.5272056, 0.4632039, 0.5269838, 0.5475643, 0.44084367, 0.5495671, 0.41162112, 0.5495671, 0.44516823, 0.4680147, 0.61037]","[-0.10458743, -0.07604163, 0.13040942, 0.062213983, -0.08238365, -0.15145645, -0.14021467, 0.18864398, -0.008901073, 0.1705047, -0.15119192, -0.46399558, 0.004785022, -0.0011344065, -0.19161157, -0.083796576, 0.055725023, 0.087744705, 0.026297545, -0.25585634]","[-24, -22, 24, 13, -21, -42, -34, 51, -2, 41, -41, -112, 1, 0, -44, -26, 13, 25, 7, -53]","[3, 0, 4, 5, 3, 3, 4, 3, 0, 0, 3, 6, 2, 3, 2, 6, 6, 6, 6, 6]","[-32, -21, 8, 45, -29, -34, -50, 59, -1, 40, -33, -48, 5, 8, -48, -90, 77, 89, 71, -117]","[-0.14167250986174335, -0.0728954102580003, 0.04397465112641102, 0.21522368267765196, -0.11366098321328952, -0.12400734518456646, -0.20518209051898145, 0.21844308160421416, -0.0044272659331794795, 0.16604900360107422, -0.12036007032619686, -0.19917497860165093, 0.02155765069751289, 0.027769680098285825, -0.2077104012797198, -0.2917000088166064, 0.33320210205288386, 0.3119682850330833, 0.2616460062856749, -0.5623093519623824]",0.9118000268936157,0.9119,0.0003000497817993164,0.000200000000000089,0.29017335176467896,0.3431824,"[0.1500377, -0.024005726, -0.15622875, -0.3210132, 0.18343185, 0.035117283, 0.25355428, -0.22107409, 0.110395566, -0.19939645, 0.25696778, 0.77132857, -0.08194644, -0.20906824, 0.3328866, 0.034031138, 0.026688557, 0.003563933, -0.07875347, 0.43468392]","[0.26129293, -0.03659062, 0.016640782, -0.7800423, 0.27726385, -0.047230028, 0.44845656, -0.31047142, 0.092500344, -0.19048505, 0.16447225, -0.023133174, -0.14903696, -0.29578048, 0.3811831, 0.6577414, -0.8057426, -0.66910684, -1.0201473, 1.3540428]","[34.0, -7.0, -28.0, -68.0, 46.0, 12.0, 62.0, -59.0, 25.0, -48.0, 69.0, 186.0, -19.0, -61.0, 76.0, 11.0, 6.0, 1.0, -20.0, 89.0]","[58.0, -11.0, 4.0, -164.0, 70.0, -12.0, 110.0, -83.0, 21.0, -46.0, 45.0, -6.0, -35.0, -85.0, 88.0, 203.0, -186.0, -191.0, -276.0, 281.0]","[0.11125523, 0.012584895, 0.17286953, 0.45902908, 0.093832, 0.08234731, 0.19490227, 0.089397326, 0.017895222, 0.008911401, 0.09249553, 0.7944617, 0.06709052, 0.08671224, 0.04829648, 0.6237103, 0.8324312, 0.6726708, 0.94139385, 0.91935885]","[24.0, 4.0, 32.0, 96.0, 24.0, 24.0, 48.0, 24.0, 4.0, 2.0, 24.0, 192.0, 16.0, 24.0, 12.0, 192.0, 192.0, 192.0, 256.0, 192.0]"
27,model_1_1,conv2d_1/kernel,1,4,20,"[(4, 1, 1, 53), (0, 4, 1, 12), (0, 3, 16, 63), (1, 1, 12, 54), (4, 1, 12, 0), (0, 0, 27, 55), (4, 4, 21, 17), (1, 1, 15, 39), (4, 0, 15, 56), (1, 2, 18, 38), (0, 1, 25, 50), (2, 2, 15, 57), (4, 1, 11, 26), (4, 3, 19, 25), (4, 3, 4, 12), (4, 1, 0, 27), (0, 3, 17, 33), (4, 0, 12, 25), (2, 2, 0, 51), (3, 3, 31, 11)]","[-0.4645963, -0.49775672, -0.40499523, -0.55818623, -0.5184392, -0.50405544, -0.5406188, -0.40541503, -0.5495671, -0.45975003, -0.48398802, -0.3968622, -0.41360962, -0.55423445, -0.49775672, -0.55178016, -0.44516823, -0.55423445, -0.6980976, -0.42015183]","[0.4645963, 0.49775672, 0.40499523, 0.55818623, 0.5184392, 0.50405544, 0.5406188, 0.40541503, 0.5495671, 0.45975003, 0.48398802, 0.3968622, 0.41360962, 0.55423445, 0.49775672, 0.55178016, 0.44516823, 0.55423445, 0.6980976, 0.42015183]","[-0.054823518, -0.15721764, 0.32430646, -0.21023016, -0.009840181, -0.16581227, 0.13104878, 0.059881885, -0.038769163, -0.031771008, -0.027331043, -0.022464847, -0.0037734704, -0.1552436, 0.0018147329, -0.02672312, 0.20251134, -0.14526527, -0.07061636, 0.007752028]","[-15, -40, 102, -48, -2, -42, 31, 19, -9, -9, -7, -7, -1, -36, 0, -6, 58, -33, -13, 2]","[4, 1, 2, 0, 1, 2, 5, 5, 5, 7, 4, 5, 5, 1, 2, 6, 4, 3, 4, 0]","[-31, -38, 98, -47, -4, -46, 63, 51, -41, 119, -23, -39, -33, -34, 4, -70, 42, -41, -29, 3]","[-0.11340539638451703, -0.1489350814518966, 0.3125160064284257, -0.20657285789805135, -0.01632879287239135, -0.1825712618865366, 0.26818096825456994, 0.16280446019698316, -0.17741930109309398, 0.4307893948761497, -0.08765137312919136, -0.12187107200697651, -0.10747336684249517, -0.1483777254585206, 0.015677376994936484, -0.3041307991883886, 0.14722098844257867, -0.17892608069998073, -0.15940811033323993, 0.009924846371327798]",0.9110000133514404,0.9109,-0.0004999637603759766,-0.0007999999999999119,0.28915128111839294,0.34086543,"[0.12765835, 0.5043405, -0.68677616, 0.28614113, 0.2101546, 0.30459005, -0.23576361, -0.2746397, 0.059438437, -0.19315423, -0.34167328, 0.26569432, 0.14916526, 0.77273184, -0.017195586, 0.24204546, -0.07604994, 0.2738856, 0.2503267, -0.25131047]","[0.30340397, 0.48777544, -0.65140474, 0.27151194, 0.22962043, 0.33810806, -0.510028, -0.68632996, 0.3367387, -2.0433958, -0.1607123, 0.66331923, 0.46026495, 0.7521342, -0.05878352, 1.0742685, 0.08982113, 0.34120724, 0.60549366, -0.26000172]","[34.0, 129.0, -216.0, 65.0, 51.0, 77.0, -56.0, -87.0, 14.0, -52.0, -89.0, 86.0, 45.0, 179.0, -4.0, 55.0, -21.0, 62.0, 47.0, -75.0]","[82.0, 125.0, -204.0, 61.0, 57.0, 85.0, -120.0, -215.0, 78.0, -564.0, -41.0, 214.0, 141.0, 173.0, -16.0, 247.0, 27.0, 78.0, 111.0, -79.0]","[0.17574562, 0.016565084, 0.035371423, 0.014629185, 0.019465834, 0.033518016, 0.2742644, 0.41169026, 0.27730027, 1.8502415, 0.18096098, 0.3976249, 0.3110997, 0.020597637, 0.041587934, 0.832223, 0.16587107, 0.06732163, 0.35516697, 0.008691251]","[48.0, 4.0, 12.0, 4.0, 6.0, 8.0, 64.0, 128.0, 64.0, 512.0, 48.0, 128.0, 96.0, 6.0, 12.0, 192.0, 48.0, 16.0, 64.0, 4.0]"
28,model_2_0,conv2d_2/kernel,2,6,20,"[(0, 2, 21, 0), (2, 1, 9, 28), (2, 0, 56, 71), (1, 2, 12, 11), (1, 1, 17, 38), (2, 1, 21, 37), (1, 2, 12, 20), (1, 2, 25, 8), (1, 2, 54, 80), (2, 2, 0, 26), (0, 2, 34, 42), (2, 1, 48, 72), (0, 2, 17, 55), (2, 0, 49, 24), (0, 2, 51, 13), (2, 2, 38, 72), (1, 2, 8, 61), (1, 2, 1, 77), (2, 1, 5, 5), (0, 1, 8, 69)]","[-0.08687074, -0.4309065, -0.41618958, -0.54999113, -0.41202545, -0.38667053, -0.38522574, -0.3880544, -0.41083845, -0.3863362, -0.46759158, -0.4409578, -0.44954783, -0.3439532, -0.10020692, -0.4409578, -0.37387055, -0.40338543, -0.42240787, -0.3971442]","[0.08687074, 0.4309065, 0.41618958, 0.54999113, 0.41202545, 0.38667053, 0.38522574, 0.3880544, 0.41083845, 0.3863362, 0.46759158, 0.4409578, 0.44954783, 0.3439532, 0.10020692, 0.4409578, 0.37387055, 0.40338543, 0.42240787, 0.3971442]","[0.033726938, -0.10455112, -0.00310446, -0.2029277, -0.18090014, -0.06966331, 0.1052446, -0.04647713, -0.08323854, -0.003362563, -0.21123336, -0.2151533, -0.110212974, -0.014826461, -0.06313756, -0.016605102, 0.21612975, 0.11459523, -0.105693586, -0.044949915]","[49, -31, -1, -47, -56, -23, 35, -15, -26, -1, -57, -62, -31, -5, -80, -5, 73, 36, -32, -14]","[3, 4, 2, 7, 0, 6, 0, 1, 5, 7, 4, 2, 1, 6, 6, 3, 1, 2, 3, 4]","[57, -15, -5, 81, -55, -87, 34, -13, -58, 127, -41, -58, -29, -69, -16, -13, 75, 32, -24, -30]","[0.038989228585104306, -0.050894469022750854, -0.0163854165809361, 0.35078174485935, -0.17843621922290231, -0.2648845361912344, 0.10313130129040696, -0.03972210400686489, -0.1876270109274256, 0.38633620738983154, -0.15095476325102677, -0.20138230896371556, -0.10265265346512081, -0.18687220680432057, -0.012624493734104427, -0.04513741407807418, 0.22078969581859317, 0.10164042345182163, -0.07982510844553549, -0.09381359017740085]",0.9114999771118164,0.9119,0.0,0.000200000000000089,0.2893776595592499,0.34404424,"[-0.035659384, 0.18088567, -0.23469576, 0.3803458, 0.38165903, 0.3105167, -0.053528108, -0.038740084, 0.12535727, 0.2732304, 0.49552336, 0.7952612, -0.15379815, -0.07875189, 0.08733393, 0.056467034, -0.4217242, -0.38239563, 0.40707216, -0.023420446]","[-0.046183962, 0.01991573, -0.20813385, -1.2807825, 0.37180334, 0.8961804, -0.047188215, -0.059005164, 0.4385227, -0.5061672, 0.3749662, 0.7539482, -0.16891879, 0.2653396, -0.013692208, 0.11353166, -0.43570405, -0.34353122, 0.32946673, 0.12317058]","[-51.0, 54.0, -71.0, 88.0, 118.0, 103.0, -18.0, -14.0, 40.0, 90.0, 134.0, 229.0, -44.0, -30.0, 110.0, 17.0, -142.0, -120.0, 123.0, -8.0]","[-67.0, 6.0, -63.0, -296.0, 114.0, 295.0, -15.0, -20.0, 136.0, -166.0, 102.0, 217.0, -48.0, 98.0, -18.0, 33.0, -148.0, -108.0, 99.0, 40.0]","[0.010524578, 0.16096994, 0.026561916, 1.6611283, 0.009855688, 0.5856637, 0.0063398927, 0.02026508, 0.31316543, 0.7793976, 0.12055716, 0.041312993, 0.01512064, 0.3440915, 0.10102614, 0.057064623, 0.013979852, 0.038864404, 0.07760543, 0.14659102]","[16.0, 48.0, 8.0, 384.0, 4.0, 192.0, 3.0, 6.0, 96.0, 256.0, 32.0, 12.0, 4.0, 128.0, 128.0, 16.0, 6.0, 12.0, 24.0, 48.0]"
29,model_2_1,conv2d_2/kernel,2,6,20,"[(2, 2, 55, 22), (2, 2, 40, 19), (2, 1, 45, 39), (2, 1, 23, 13), (2, 1, 1, 87), (1, 0, 42, 74), (0, 0, 46, 56), (0, 0, 38, 82), (2, 2, 3, 49), (2, 1, 35, 63), (2, 2, 15, 27), (0, 0, 63, 66), (1, 0, 49, 75), (1, 1, 30, 14), (0, 1, 37, 30), (1, 2, 17, 52), (1, 0, 51, 9), (1, 2, 60, 70), (0, 1, 12, 95), (2, 0, 59, 5)]","[-0.36832818, -0.39370516, -0.082864724, -0.10020692, -0.39802027, -0.39196727, -0.69451714, -0.33409527, -0.40794802, -0.3984574, -0.09199066, -0.08675596, -0.08397249, -0.38664362, -0.41113147, -0.44591174, -0.5525638, -0.41110045, -0.5694976, -0.42240787]","[0.36832818, 0.39370516, 0.082864724, 0.10020692, 0.39802027, 0.39196727, 0.69451714, 0.33409527, 0.40794802, 0.3984574, 0.09199066, 0.08675596, 0.08397249, 0.38664362, 0.41113147, 0.44591174, 0.5525638, 0.41110045, 0.5694976, 0.42240787]","[-0.05168516, 0.0075804424, 0.052800603, 0.0036681106, -0.10659484, 0.109818205, 0.04171203, 0.080881394, 0.014668358, -0.020412596, 0.0008600803, -0.04245552, 0.011582418, 0.043385584, 0.10296026, -0.018070236, 0.042809546, -0.018102497, -0.085730664, -0.07648835]","[-18, 2, 81, 5, -34, 36, 8, 31, 5, -7, 1, -62, 18, 14, 32, -5, 10, -6, -19, -23]","[4, 7, 1, 7, 4, 2, 0, 4, 0, 5, 5, 1, 7, 3, 6, 1, 7, 3, 1, 7]","[-2, -126, 83, -123, -50, 32, 9, 15, 4, -39, 33, -64, -110, 6, 96, -7, -118, -14, -17, 105]","[-0.0058004438407777805, -0.390605118800336, 0.054155685828896016, -0.09705079558092779, -0.15670089271124893, 0.09876340580737497, 0.04921774976835476, 0.039460071193890306, 0.01284875644473579, -0.1223609363000224, 0.023903084141532267, -0.04371953949214905, -0.07273207909948244, 0.01826662763835877, 0.310776545306829, -0.024577812181683038, -0.5134057228959451, -0.04531815953142061, -0.07623196023655689, 0.3492348494492178]",0.9114999771118164,0.9117,0.0,0.0,0.2894090414047241,0.34189063,"[0.23847629, -0.23878764, -0.21906185, -0.018826261, -0.040374286, -0.25590515, 0.011461675, -0.23189443, -0.0046114847, 0.023505084, 0.030698396, 0.11073792, -0.03228803, -0.32537717, -0.50787634, 0.14912054, -0.031173576, -0.13275078, 0.30969858, 0.17921236]","[0.14670685, 0.5575835, -0.2231271, 0.28333044, 0.109943874, -0.22274077, -0.003549762, -0.1490518, -0.00097228214, 0.3293501, -0.015387615, 0.11326596, 0.22065544, -0.22490135, -1.1313252, 0.16864327, 1.6374724, -0.051103793, 0.2812025, -0.67223406]","[83.0, -76.0, -335.0, -25.0, -13.0, -84.0, 1.0, -89.0, -2.0, 9.0, 42.0, 162.0, -50.0, -105.0, -157.0, 43.0, -7.0, -40.0, 68.0, 54.0]","[51.0, 180.0, -341.0, 359.0, 35.0, -72.0, -1.0, -57.0, 0.0, 105.0, -22.0, 166.0, 334.0, -73.0, -349.0, 49.0, 377.0, -16.0, 62.0, -202.0]","[0.09176944, 0.79637116, 0.0040652454, 0.3021567, 0.15031816, 0.033164382, 0.015011437, 0.08284263, 0.0036392026, 0.30584502, 0.046086013, 0.0025280416, 0.25294346, 0.10047582, 0.6234489, 0.019522727, 1.668646, 0.08164699, 0.028496087, 0.8514464]","[32.0, 256.0, 6.0, 384.0, 48.0, 12.0, 2.0, 32.0, 2.0, 96.0, 64.0, 4.0, 384.0, 32.0, 192.0, 6.0, 384.0, 24.0, 6.0, 256.0]"
30,model_3_0,dense_last/kernel,3,9,20,"[(11, 6), (64, 2), (92, 4), (13, 4), (64, 6), (31, 9), (61, 0), (91, 6), (93, 7), (93, 1), (59, 7), (54, 1), (86, 5), (68, 9), (17, 4), (73, 7), (76, 0), (89, 4), (62, 1), (36, 0)]","[-1.308446, -1.308446, -1.308446, -1.308446, -1.308446, -1.308446, -1.308446, -1.308446, -1.308446, -1.308446, -1.308446, -1.308446, -1.308446, -1.308446, -1.308446, -1.308446, -1.308446, -1.308446, -1.308446, -1.308446]","[1.308446, 1.308446, 1.308446, 1.308446, 1.308446, 1.308446, 1.308446, 1.308446, 1.308446, 1.308446, 1.308446, 1.308446, 1.308446, 1.308446, 1.308446, 1.308446, 1.308446, 1.308446, 1.308446, 1.308446]","[-0.42926615, -0.1779061, -0.07891529, -0.18842782, -0.12391355, 0.26475373, -0.26503342, 0.042422775, -0.14761734, -0.036056284, 0.116636634, -0.12288852, -0.26281908, 0.10713925, 0.009271236, -0.19031605, -0.24339908, 0.22452518, 0.038069863, 0.08985571]","[-42, -17, -8, -18, -12, 26, -26, 4, -14, -3, 11, -12, -26, 10, 1, -18, -24, 22, 4, 9]","[5, 2, 2, 2, 5, 0, 0, 4, 2, 3, 2, 4, 5, 6, 0, 7, 5, 3, 6, 3]","[-10, -21, -4, -22, -44, 27, -25, 20, -10, -11, 15, -28, -58, 74, 0, 110, -56, 30, 68, 1]","[-0.10302724800710603, -0.21635722081492267, -0.04121089920284241, -0.22665994561563327, -0.45331989123126654, 0.27817356961918627, -0.2575681200177651, 0.20605449601421205, -0.10302724800710603, -0.11332997280781663, 0.15454087201065905, -0.28847629441989686, -0.597558038441215, 0.7624016352525846, 0.0, 1.1332997280781663, -0.5769525888397937, 0.3090817440213181, 0.700585286448321, 0.010302724800710603]",0.9097999930381775,0.9098,-0.001699984073638916,-0.0018999999999999018,0.3007254898548126,0.35601163,"[1.9520864, 0.19206467, -0.1604873, -0.096944846, 0.5894533, -1.068443, 0.6232469, -0.7447822, 1.3669572, 0.22019798, -1.3147078, 0.76250327, 0.5479249, -0.23522356, 0.57471013, 0.59220606, 0.012445033, -0.8000884, -0.47874328, -0.20157108]","[0.6471307, 0.34586918, -0.31130487, 0.055983625, 1.9070785, -1.1087024, 0.60085094, -1.399309, 1.1885967, 0.5292927, -1.4663248, 1.4248543, 1.8868806, -2.2010107, 0.61179507, -4.702257, 1.0131055, -1.1383146, -3.1288052, 0.03708788]","[190.0, 18.0, -15.0, -11.0, 58.0, -104.0, 61.0, -72.0, 131.0, 19.0, -127.0, 74.0, 56.0, -21.0, 55.0, 56.0, 3.0, -79.0, -48.0, -20.0]","[62.0, 34.0, -31.0, 5.0, 186.0, -107.0, 58.0, -136.0, 115.0, 51.0, -143.0, 138.0, 184.0, -213.0, 59.0, -456.0, 99.0, -111.0, -304.0, 4.0]","[1.3049557, 0.15380451, 0.15081757, 0.15292847, 1.3176253, 0.04025948, 0.022395968, 0.6545268, 0.17836046, 0.30909473, 0.15161705, 0.662351, 1.3389558, 1.9657872, 0.037084937, 5.294463, 1.0006604, 0.3382262, 2.6500618, 0.23865896]","[128.0, 16.0, 16.0, 16.0, 128.0, 3.0, 3.0, 64.0, 16.0, 32.0, 16.0, 64.0, 128.0, 192.0, 4.0, 512.0, 96.0, 32.0, 256.0, 24.0]"
31,model_3_1,dense_last/kernel,3,9,20,"[(23, 9), (46, 9), (50, 9), (5, 3), (45, 6), (7, 5), (20, 0), (15, 8), (21, 7), (83, 0), (63, 8), (74, 9), (75, 6), (24, 8), (54, 6), (60, 8), (18, 5), (80, 8), (0, 2), (29, 8)]","[-1.308446, -1.308446, -1.308446, -1.308446, -1.308446, -1.308446, -1.308446, -1.308446, -1.308446, -1.308446, -1.308446, -1.308446, -1.308446, -1.308446, -1.308446, -1.308446, -1.308446, -1.308446, -1.308446, -1.308446]","[1.308446, 1.308446, 1.308446, 1.308446, 1.308446, 1.308446, 1.308446, 1.308446, 1.308446, 1.308446, 1.308446, 1.308446, 1.308446, 1.308446, 1.308446, 1.308446, 1.308446, 1.308446, 1.308446, 1.308446]","[-0.30781397, -0.29250988, 0.119343005, 0.2436492, -0.15603006, 0.16238672, -0.24340384, 0.011936178, -0.07955468, 0.13064723, -0.4179528, -0.17985098, -0.23860942, 0.2108829, -0.005244995, 0.2617465, -0.13903801, -0.014704081, 0.082868405, 0.17235631]","[-30, -28, 12, 24, -15, 16, -24, 1, -8, 13, -41, -17, -23, 20, -1, 25, -13, -1, 8, 17]","[6, 5, 1, 5, 6, 3, 2, 7, 6, 7, 7, 6, 4, 6, 0, 1, 4, 7, 2, 3]","[-94, -60, 14, 56, -79, 24, -20, -127, -72, -115, 87, -81, -7, 84, -2, 27, -29, 127, 12, 25]","[-0.9684561312667966, -0.6181634880426362, 0.14423814720994843, 0.5769525888397937, -0.8139152592561376, 0.24726539521705448, -0.20605449601421205, -1.3084460496902466, -0.7417961856511635, -1.1848133520817195, 0.8963370576618225, -0.8345207088575588, -0.07211907360497422, 0.8654288832596907, -0.020605449601421206, 0.27817356961918627, -0.2987790192206075, 1.3084460496902466, 0.12363269760852724, 0.2575681200177651]",0.8716999888420105,0.8714,-0.03979998826980591,-0.0403,0.47409510612487793,0.59249187,"[0.90410125, 0.3050493, -0.84261423, -1.5617328, 0.7961481, -1.1143034, -0.16180284, -0.10136089, 0.8779487, 0.13892579, 1.1472777, 0.6608771, 0.95649636, -0.8741239, -0.14663562, -1.1974969, 1.0487642, -0.29703912, -0.32827544, -0.69424975]","[2.8860278, 1.2820101, -0.9172996, -2.894946, 3.4276888, -1.4538181, -0.27385086, 5.180168, 3.5269148, 4.0853076, -4.1098814, 2.6248863, 0.29053494, -3.4923077, -0.0851938, -1.2632052, 1.6877282, -5.5896397, -0.45056835, -1.0350971]","[89.0, 29.0, -83.0, -153.0, 77.0, -110.0, -14.0, -9.0, 87.0, 13.0, 113.0, 63.0, 93.0, -82.0, -12.0, -115.0, 100.0, -32.0, -32.0, -69.0]","[281.0, 125.0, -89.0, -281.0, 333.0, -142.0, -26.0, 503.0, 343.0, 397.0, -399.0, 255.0, 29.0, -338.0, -8.0, -123.0, 164.0, -544.0, -44.0, -101.0]","[1.9819266, 0.9769608, 0.074685395, 1.3332133, 2.6315408, 0.33951473, 0.112048015, 5.281529, 2.648966, 3.9463818, 5.257159, 1.9640092, 0.6659614, 2.6181839, 0.061441824, 0.06570828, 0.63896394, 5.2926006, 0.122292906, 0.34084737]","[192.0, 96.0, 6.0, 128.0, 256.0, 32.0, 12.0, 512.0, 256.0, 384.0, 512.0, 192.0, 64.0, 256.0, 4.0, 8.0, 64.0, 512.0, 12.0, 32.0]"
32,model_0_0,conv2d/kernel,0,2,20,"[(3, 0, 0, 31), (4, 1, 0, 8), (0, 2, 0, 12), (4, 0, 0, 30), (0, 0, 0, 25), (3, 3, 0, 15), (0, 2, 0, 24), (0, 3, 0, 6), (2, 0, 0, 12), (0, 1, 0, 8), (1, 4, 0, 25), (3, 3, 0, 22), (3, 1, 0, 19), (3, 2, 0, 31), (0, 4, 0, 14), (3, 0, 0, 8), (4, 0, 0, 20), (4, 1, 0, 21), (0, 3, 0, 28), (1, 2, 0, 4)]","[-0.31486028, -0.32898462, -0.79553723, -0.34759772, -0.2637816, -0.31544816, -0.3867037, -0.3269764, -0.79553723, -0.32898462, -0.2637816, -0.2764671, -0.34086818, -0.31486028, -1.873036, -0.32898462, -0.26310202, -0.2561462, -0.33755487, -0.2743616]","[0.31486028, 0.32898462, 0.79553723, 0.34759772, 0.2637816, 0.31544816, 0.3867037, 0.3269764, 0.79553723, 0.32898462, 0.2637816, 0.2764671, 0.34086818, 0.31486028, 1.873036, 0.32898462, 0.26310202, 0.2561462, 0.33755487, 0.2743616]","[0.11555582, -0.09937823, -0.43813634, -0.12561534, 0.1365407, 0.19299468, 0.044514548, -0.28104416, -0.122853346, -0.006834783, -0.101659454, -0.12800908, -0.050047643, 0.120931946, 0.07938923, 0.03662871, -0.0727361, 0.10263052, -0.13396336, -0.042838212]","[47, -38, -70, -46, 66, 78, 15, -109, -20, -3, -49, -59, -19, 49, 5, 14, -35, 51, -50, -20]","[3, 2, 6, 1, 7, 1, 2, 5, 1, 5, 2, 0, 0, 5, 3, 1, 1, 0, 2, 6]","[39, -34, -6, -48, -62, 76, 11, -77, -18, -35, -53, -60, -20, 17, 13, 12, -33, 50, -54, -84]","[0.09668937865204698, -0.08807462219178207, -0.03758443622138557, -0.1313755155548336, -0.12877527278239334, 0.18877213020024336, 0.03349402124487509, -0.1982455270027551, -0.1127533086641567, -0.09066505225624626, -0.1100820880236588, -0.13061438489147997, -0.053680027563740886, 0.04214665223294356, 0.19172809724732648, 0.031085160773570143, -0.06836509305661119, 0.10084495769710991, -0.1435272684247475, -0.18146752184770237]",0.9111999869346619,0.911,-0.000299990177154541,-0.0006999999999999229,0.2875288426876068,0.33884433
33,model_0_1,conv2d/kernel,0,2,20,"[(4, 2, 0, 0), (0, 4, 0, 5), (0, 0, 0, 27), (2, 1, 0, 30), (2, 0, 0, 28), (1, 1, 0, 3), (3, 1, 0, 10), (1, 1, 0, 5), (1, 1, 0, 13), (0, 1, 0, 0), (4, 0, 0, 31), (0, 4, 0, 12), (4, 1, 0, 27), (0, 1, 0, 0), (2, 0, 0, 9), (2, 0, 0, 18), (4, 1, 0, 22), (3, 3, 0, 4), (4, 3, 0, 7), (3, 3, 0, 27)]","[-0.41804698, -0.2208852, -0.25802124, -0.34759772, -0.33755487, -0.28093943, -1.8581172, -0.2208852, -0.30256942, -0.41804698, -0.31486028, -0.79553723, -0.25802124, -0.41804698, -0.29012367, -1.1804308, -0.2764671, -0.2743616, -0.17216218, -0.25802124]","[0.41804698, 0.2208852, 0.25802124, 0.34759772, 0.33755487, 0.28093943, 1.8581172, 0.2208852, 0.30256942, 0.41804698, 0.31486028, 0.79553723, 0.25802124, 0.41804698, 0.29012367, 1.1804308, 0.2764671, 0.2743616, 0.17216218, 0.25802124]","[-0.06213173, 0.042891096, -0.10728428, 0.11460724, 0.025417035, 0.22501636, 0.062407903, -0.22089666, 0.1826583, 0.02968932, 0.10044243, 0.03203713, -0.09677234, 0.24029472, -0.079848684, 0.04111253, 0.14195314, 0.2743645, -0.059331212, 0.013503845]","[-19, 25, -53, 42, 10, 102, 4, -127, 77, 9, 41, 5, -48, 9, -35, 4, 65, 127, -44, 7]","[4, 2, 2, 4, 4, 7, 2, 6, 1, 6, 6, 0, 6, 0, 2, 0, 1, 2, 7, 2]","[-3, 29, -49, 58, 26, -26, 0, -63, 79, 73, 105, 4, -112, 8, -39, 5, 67, 123, 84, 3]","[-0.009875125537707112, 0.05043835327850552, -0.09955150029790683, 0.15874541462875727, 0.06910572183413768, -0.05751515889730979, 0.0, -0.10957297436364992, 0.18821247332678068, 0.24029472141753971, 0.2603175579093573, 0.025056290814257042, -0.22754628639521562, 0.026333668100552297, -0.08909309590895345, 0.04647365235906886, 0.14585272979548597, 0.2657202998484213, 0.11387104499997117, 0.006094989814157561]",0.9114000201225281,0.9112,-9.995698928833008e-05,-0.0004999999999999449,0.2917865514755249,0.3397482
34,model_1_0,conv2d_1/kernel,1,4,20,"[(2, 2, 11, 57), (0, 0, 4, 29), (3, 3, 15, 43), (4, 2, 16, 33), (0, 4, 29, 37), (1, 4, 23, 61), (0, 1, 3, 42), (4, 2, 11, 1), (4, 1, 13, 56), (3, 0, 9, 16), (2, 0, 15, 62), (0, 3, 17, 40), (2, 1, 16, 59), (2, 2, 11, 8), (2, 2, 10, 45), (4, 1, 5, 55), (3, 4, 18, 31), (3, 4, 2, 59), (3, 2, 16, 31), (2, 0, 16, 54)]","[-0.3968622, -0.470208, -0.5110385, -0.44516823, -0.4274976, -0.43715987, -0.6557504, -0.42802384, -0.5495671, -0.5541169, -0.42921183, -0.5135955, -0.52141166, -0.38130075, -0.06663472, -0.50405544, -0.5475643, -0.52141166, -0.5475643, -0.55818623]","[0.3968622, 0.470208, 0.5110385, 0.44516823, 0.4274976, 0.43715987, 0.6557504, 0.42802384, 0.5495671, 0.5541169, 0.42921183, 0.5135955, 0.52141166, 0.38130075, 0.06663472, 0.50405544, 0.5475643, 0.52141166, 0.5475643, 0.55818623]","[-0.0899793, 0.17102729, 0.13328, 0.10472474, 0.049266633, -0.0019905798, -0.2235332, -0.118716165, 0.0020918576, -0.0682354, 0.16123405, 0.112924226, -0.03173108, 0.0025327778, 0.041958105, 0.034582753, 0.025805319, 0.043360572, -0.006997755, -0.046818327]","[-29, 46, 33, 30, 15, -1, -43, -35, 0, -16, 48, 28, -8, 1, 80, 9, 6, 11, -2, -11]","[2, 4, 6, 3, 5, 3, 0, 3, 0, 4, 7, 1, 6, 7, 2, 3, 7, 6, 1, 7]","[-25, 62, 97, 22, 47, -9, -44, -43, 1, -32, -80, 30, -72, -127, 84, 1, -122, 75, -4, 117]","[-0.07812248205575417, 0.22955035694002165, 0.39032073049094734, 0.07711575585087453, 0.15820777158098898, -0.03097983303032522, -0.22718911283598173, -0.14492145931626868, 0.004327300026660829, -0.13962000749242587, -0.27036965362668974, 0.12132177672048253, -0.2956034592756136, -0.38130074739456177, 0.04407335946879049, 0.003968940475794274, -0.5260066770193145, 0.3079202700787642, -0.017246120558010312, 0.5142345611504683]",0.9110999703407288,0.911,-0.0004000067710876465,-0.0006999999999999229,0.2895336151123047,0.33997598
35,model_1_1,conv2d_1/kernel,1,4,20,"[(3, 3, 9, 16), (4, 4, 5, 10), (3, 0, 19, 12), (3, 4, 17, 29), (2, 2, 24, 18), (2, 3, 8, 52), (4, 3, 18, 51), (2, 0, 28, 26), (2, 4, 24, 46), (4, 1, 19, 26), (0, 3, 24, 22), (0, 0, 9, 19), (4, 2, 23, 13), (2, 0, 19, 21), (1, 2, 24, 25), (1, 1, 6, 13), (2, 1, 15, 19), (4, 3, 26, 19), (3, 0, 14, 16), (1, 0, 10, 9)]","[-0.5541169, -0.59187526, -0.49775672, -0.470208, -0.61037, -0.4550707, -0.6980976, -0.41360962, -0.4919573, -0.41360962, -0.53118527, -0.47254568, -0.5269838, -0.5622628, -0.55423445, -0.5269838, -0.47254568, -0.47254568, -0.5541169, -0.5493134]","[0.5541169, 0.59187526, 0.49775672, 0.470208, 0.61037, 0.4550707, 0.6980976, 0.41360962, 0.4919573, 0.41360962, 0.53118527, 0.47254568, 0.5269838, 0.5622628, 0.55423445, 0.5269838, 0.47254568, 0.47254568, 0.5541169, 0.5493134]","[-0.171817, 0.05397974, -0.08661403, 0.07719269, -0.09589093, 0.17000394, -0.05127562, 0.010223283, -0.111366786, -0.16366602, 0.07251868, 0.09129171, -0.18161315, -0.047228526, -0.112993576, -0.33419982, 0.092544064, -0.063020185, 0.13213524, 0.0024006553]","[-39, 12, -22, 21, -20, 47, -9, 3, -29, -50, 17, 25, -44, -11, -26, -81, 25, -17, 30, 1]","[3, 5, 7, 6, 6, 5, 3, 7, 7, 4, 1, 7, 3, 2, 5, 0, 5, 2, 1, 2]","[-47, 44, 106, 85, -84, 15, -1, -125, 99, -34, 19, -103, -36, -15, -58, -82, 57, -21, 28, 5]","[-0.20506688600450051, 0.20505914350194254, 0.4154504903658168, 0.3147061345145458, -0.40370927833196685, 0.05374850837264474, -0.005496831390801377, -0.40709608652460294, 0.383494278577369, -0.11073013553469199, 0.07946866234456461, -0.38324571172083455, -0.1493812339512382, -0.0664089889976922, -0.253114943429241, -0.3402572551111537, 0.2120874326998793, -0.0781374752052187, 0.12216750655587263, 0.02162651283534493]",0.9110999703407288,0.9112,-0.0004000067710876465,-0.0004999999999999449,0.28973016142845154,0.34222806
36,model_2_0,conv2d_2/kernel,2,6,20,"[(2, 0, 19, 66), (1, 0, 63, 28), (1, 0, 34, 73), (1, 2, 22, 55), (2, 0, 49, 46), (2, 1, 45, 70), (1, 2, 52, 2), (0, 2, 8, 46), (0, 1, 36, 56), (2, 1, 22, 0), (1, 1, 10, 62), (1, 1, 40, 5), (0, 1, 61, 12), (1, 2, 6, 18), (0, 2, 41, 34), (0, 1, 12, 58), (0, 0, 42, 23), (0, 1, 61, 49), (2, 0, 59, 2), (2, 0, 13, 9)]","[-0.08675596, -0.4309065, -0.3451858, -0.44954783, -0.3968896, -0.41110045, -0.4062506, -0.3968896, -0.69451714, -0.08687074, -0.45138773, -0.42240787, -0.43329978, -0.43209505, -0.3971453, -0.5415223, -0.32818732, -0.40794802, -0.4062506, -0.5525638]","[0.08675596, 0.4309065, 0.3451858, 0.44954783, 0.3968896, 0.41110045, 0.4062506, 0.3968896, 0.69451714, 0.08687074, 0.45138773, 0.42240787, 0.43329978, 0.43209505, 0.3971453, 0.5415223, 0.32818732, 0.40794802, 0.4062506, 0.5525638]","[0.0352671, -0.19702183, -0.01873415, -0.11997315, 0.019312343, -0.01743966, 0.09335843, 0.24044192, 0.08310274, -0.055534195, -0.17278032, 0.035477087, -0.06252968, -0.013484953, -0.1230697, 0.10193092, -0.17749497, -0.067152746, -0.029170798, -0.07656921]","[52, -58, -7, -34, 6, -5, 29, 77, 15, -81, -49, 11, -18, -4, -39, 24, -69, -21, -9, -18]","[1, 6, 1, 6, 7, 3, 0, 6, 0, 4, 5, 4, 1, 1, 7, 3, 1, 6, 1, 3]","[54, -122, -5, -98, -122, -13, 28, 13, 14, -65, -17, 27, -20, -2, 89, 16, -71, -85, -11, -26]","[0.03688836144650076, -0.4139416813850403, -0.013589991593924095, -0.3468951737786841, -0.3812640224854777, -0.042081148136319135, 0.08956706054567352, 0.040626494199272216, 0.07656094408410741, -0.0444614010181014, -0.060421980037463935, 0.08980324700122744, -0.06823618580975871, -0.006804646469476655, 0.278314423608029, 0.06822328492412418, -0.18347479907546457, -0.27303607445063555, -0.03518705950008603, -0.11312329487537774]",0.9114999771118164,0.9117,0.0,0.0,0.2890182137489319,0.33841002
37,model_2_1,conv2d_2/kernel,2,6,20,"[(0, 2, 63, 53), (2, 1, 56, 67), (0, 1, 18, 4), (2, 1, 52, 23), (0, 2, 15, 34), (1, 2, 4, 13), (0, 2, 37, 78), (1, 1, 12, 44), (0, 2, 54, 76), (0, 1, 14, 9), (1, 0, 9, 18), (2, 0, 30, 0), (0, 1, 55, 21), (2, 1, 6, 3), (1, 2, 52, 64), (1, 2, 52, 86), (2, 1, 48, 8), (2, 1, 43, 78), (0, 0, 43, 3), (2, 1, 47, 39)]","[-0.43403077, -0.4460418, -0.41616133, -0.32818732, -0.3971453, -0.10020692, -0.5793028, -0.5181153, -0.41783446, -0.5525638, -0.43209505, -0.08687074, -0.10479882, -0.36490148, -0.4283024, -0.33448616, -0.3880544, -0.5793028, -0.36490148, -0.082864724]","[0.43403077, 0.4460418, 0.41616133, 0.32818732, 0.3971453, 0.10020692, 0.5793028, 0.5181153, 0.41783446, 0.5525638, 0.43209505, 0.08687074, 0.10479882, 0.36490148, 0.4283024, 0.33448616, 0.3880544, 0.5793028, 0.36490148, 0.082864724]","[-0.09613342, -0.035653114, 0.014986816, 0.082994014, -0.11237992, 0.017395962, -0.14449863, 0.046140082, -0.018094525, 0.041958228, -0.2371722, -0.0008093141, 0.0060781743, -0.14712583, 0.053720225, -0.12274935, -0.08475358, -0.22939159, 0.20131798, -0.04910394]","[-28, -10, 5, 32, -36, 22, -32, 11, -5, 10, -70, -1, 7, -51, 16, -47, -28, -50, 70, -75]","[6, 0, 5, 2, 4, 3, 7, 4, 6, 2, 7, 4, 1, 1, 3, 1, 1, 6, 1, 4]","[-92, -9, 37, 36, -52, 30, 96, 27, -69, 14, 58, -17, 5, -49, 24, -45, -26, -114, 68, -91]","[-0.31441599177563284, -0.03160926089512082, 0.12124385162601321, 0.0930294755875595, -0.16261067446761243, 0.0236709257514458, 0.4378981702909695, 0.11015049303610494, -0.22701242354911144, 0.06091254339443417, 0.19733474761482298, -0.011628366420118828, 0.004125937936812874, -0.14078876118021688, 0.08093903759333092, -0.1185187169416683, -0.07944420801372978, -0.5200040772205262, 0.195380321637852, -0.05937551096903058]",0.911899983882904,0.9122,0.0004000067710876465,0.000500000000000056,0.28864821791648865,0.3412343
38,model_3_0,dense_last/kernel,3,9,20,"[(95, 2), (29, 0), (52, 6), (52, 2), (1, 5), (60, 8), (3, 4), (72, 1), (9, 4), (53, 7), (44, 2), (60, 6), (46, 8), (71, 0), (56, 2), (67, 7), (24, 6), (73, 9), (56, 4), (2, 3)]","[-1.308446, -1.308446, -1.308446, -1.308446, -1.308446, -1.308446, -1.308446, -1.308446, -1.308446, -1.308446, -1.308446, -1.308446, -1.308446, -1.308446, -1.308446, -1.308446, -1.308446, -1.308446, -1.308446, -1.308446]","[1.308446, 1.308446, 1.308446, 1.308446, 1.308446, 1.308446, 1.308446, 1.308446, 1.308446, 1.308446, 1.308446, 1.308446, 1.308446, 1.308446, 1.308446, 1.308446, 1.308446, 1.308446, 1.308446, 1.308446]","[-0.06726521, -0.23784916, 0.2503183, -0.20696367, 0.18873638, 0.2617465, 0.18875425, 0.12537025, -0.24759383, -0.38629147, 0.19235261, 0.043540604, -0.24945371, 0.2182226, -0.32354295, 0.0033484814, -0.35658866, 0.0501018, -0.013247459, 0.15107664]","[-7, -23, 24, -20, 18, 25, 18, 12, -24, -37, 19, 4, -24, 21, -31, 0, -35, 5, -1, 15]","[4, 5, 2, 1, 2, 1, 7, 1, 3, 6, 3, 0, 3, 0, 2, 5, 6, 3, 3, 2]","[-23, -55, 28, -18, 22, 27, -110, 14, -32, -101, 27, 5, -32, 20, -27, 32, -99, 13, -9, 11]","[-0.23696267041634386, -0.5666498640390831, 0.28847629441989686, -0.18544904641279086, 0.22665994561563327, 0.27817356961918627, -1.1332997280781663, 0.14423814720994843, -0.3296871936227393, -1.040575204871771, 0.27817356961918627, 0.05151362400355301, -0.3296871936227393, 0.20605449601421205, -0.27817356961918627, 0.3296871936227393, -1.0199697552703497, 0.13393542240923784, -0.09272452320639543, 0.11332997280781663]",0.9010999798774719,0.9008,-0.010399997234344482,-0.01089999999999991,0.3206820785999298,0.37614602
39,model_3_1,dense_last/kernel,3,9,20,"[(41, 6), (71, 2), (63, 1), (75, 6), (22, 8), (35, 6), (70, 4), (19, 8), (61, 1), (69, 1), (66, 5), (82, 7), (79, 1), (67, 1), (22, 8), (30, 9), (82, 1), (49, 2), (60, 3), (93, 5)]","[-1.308446, -1.308446, -1.308446, -1.308446, -1.308446, -1.308446, -1.308446, -1.308446, -1.308446, -1.308446, -1.308446, -1.308446, -1.308446, -1.308446, -1.308446, -1.308446, -1.308446, -1.308446, -1.308446, -1.308446]","[1.308446, 1.308446, 1.308446, 1.308446, 1.308446, 1.308446, 1.308446, 1.308446, 1.308446, 1.308446, 1.308446, 1.308446, 1.308446, 1.308446, 1.308446, 1.308446, 1.308446, 1.308446, 1.308446, 1.308446]","[0.1253506, 0.25751397, -0.17685327, -0.23860942, -0.08422321, 0.24346021, -0.18668452, -0.13555525, -0.30437317, 0.15557837, -0.22284867, 0.11989157, -0.19423167, -0.23876901, -0.2472654, -0.17879058, -0.027502215, 0.053180005, -0.15035103, 0.039093994]","[12, 25, -17, -23, -8, 24, -18, -13, -30, 15, -22, 12, -19, -23, -8, -17, -3, 5, -15, 4]","[5, 7, 4, 4, 4, 0, 3, 7, 7, 2, 2, 3, 0, 5, 0, 2, 5, 0, 2, 2]","[44, -103, -1, -7, -24, 25, -26, 115, 98, 11, -18, 4, -20, -55, -7, -21, -35, 4, -11, 0]","[0.45331989123126654, -1.061180654473192, -0.010302724800710603, -0.07211907360497422, -0.24726539521705448, 0.2575681200177651, -0.2678708448184757, 1.1848133520817195, 1.0096670304696391, 0.11332997280781663, -0.18544904641279086, 0.04121089920284241, -0.20605449601421205, -0.5666498640390831, -0.07211907360497422, -0.21635722081492267, -0.36059536802487113, 0.04121089920284241, -0.11332997280781663, 0.0]",0.8479999899864197,0.8479,-0.06349998712539673,-0.06379999999999997,0.6058709025382996,0.78914714
