,reference,layer_key,kernel_index,n_bits_flipped,bit_disrupted,q_aware_test_accuracy,q_aware_test_acc_degradation,q_aware_test_loss
,original,,,,,0.9114999771118164,,0.2890910804271698
,new reference,,,,,0.9115999937057495,,0.2891831398010254
0,2023/06/29 12:24:09,quant_conv2d,1,1,0,0.9115999937057495,0.0,0.2891831398010254
1,2023/06/29 12:24:13,quant_conv2d,1,2,0,0.9115999937057495,0.0,0.2891831398010254
2,2023/06/29 12:24:18,quant_conv2d,1,3,0,0.9115999937057495,0.0,0.2891831398010254
3,2023/06/29 12:24:22,quant_conv2d,1,4,0,0.9115999937057495,0.0,0.2891831398010254
4,2023/06/29 12:24:26,quant_conv2d,1,1,1,0.9115999937057495,0.0,0.2891831398010254
5,2023/06/29 12:24:30,quant_conv2d,1,2,1,0.9115999937057495,0.0,0.2891831398010254
6,2023/06/29 12:24:35,quant_conv2d,1,3,1,0.9115999937057495,0.0,0.2891831398010254
7,2023/06/29 12:24:39,quant_conv2d,1,4,1,0.9115999937057495,0.0,0.2891831398010254
8,2023/06/29 12:24:43,quant_conv2d,1,1,2,0.9115999937057495,0.0,0.2891831398010254
9,2023/06/29 12:24:48,quant_conv2d,1,2,2,0.9115999937057495,0.0,0.28918585181236267
10,2023/06/29 12:24:52,quant_conv2d,1,3,2,0.9115999937057495,0.0,0.28918370604515076
11,2023/06/29 12:24:57,quant_conv2d,1,4,2,0.9115999937057495,0.0,0.2891722023487091
12,2023/06/29 12:25:01,quant_conv2d,1,1,3,0.9115999937057495,0.0,0.2891831398010254
13,2023/06/29 12:25:05,quant_conv2d,1,2,3,0.9115999937057495,0.0,0.289184033870697
14,2023/06/29 12:25:10,quant_conv2d,1,3,3,0.9115999937057495,0.0,0.28917577862739563
15,2023/06/29 12:25:15,quant_conv2d,1,4,3,0.9115999937057495,0.0,0.28918370604515076
16,2023/06/29 12:25:19,quant_conv2d,1,1,4,0.9115999937057495,0.0,0.2891831398010254
17,2023/06/29 12:25:23,quant_conv2d,1,2,4,0.9115999937057495,0.0,0.28918448090553284
18,2023/06/29 12:25:28,quant_conv2d,1,3,4,0.9115999937057495,0.0,0.2891821265220642
19,2023/06/29 12:25:32,quant_conv2d,1,4,4,0.9115999937057495,0.0,0.2891955077648163
20,2023/06/29 12:25:37,quant_conv2d,1,1,5,0.9115999937057495,0.0,0.2891925275325775
21,2023/06/29 12:25:41,quant_conv2d,1,2,5,0.9115999937057495,0.0,0.2891910970211029
22,2023/06/29 12:25:45,quant_conv2d,1,3,5,0.9115999937057495,0.0,0.2892098128795624
23,2023/06/29 12:25:50,quant_conv2d,1,4,5,0.9115999937057495,0.0,0.28917017579078674
24,2023/06/29 12:25:54,quant_conv2d,1,1,6,0.9115999937057495,0.0,0.2891920506954193
25,2023/06/29 12:25:58,quant_conv2d,1,2,6,0.9115999937057495,0.0,0.2891903221607208
26,2023/06/29 12:26:03,quant_conv2d,1,3,6,0.9115999937057495,0.0,0.28917109966278076
27,2023/06/29 12:26:08,quant_conv2d,1,4,6,0.9117000102996826,0.00010001659393310547,0.2891765832901001
28,2023/06/29 12:26:12,quant_conv2d,1,1,7,0.9115999937057495,0.0,0.2892111539840698
29,2023/06/29 12:26:16,quant_conv2d,1,2,7,0.9117000102996826,0.00010001659393310547,0.28916412591934204
30,2023/06/29 12:26:20,quant_conv2d,1,3,7,0.9117000102996826,0.00010001659393310547,0.28918302059173584
31,2023/06/29 12:26:25,quant_conv2d,1,4,7,0.9115999937057495,0.0,0.28913792967796326
32,2023/06/29 12:26:29,quant_conv2d,1,1,8,0.9115999937057495,0.0,0.2891795039176941
33,2023/06/29 12:26:33,quant_conv2d,1,2,8,0.9115999937057495,0.0,0.2891395390033722
34,2023/06/29 12:26:38,quant_conv2d,1,3,8,0.9115999937057495,0.0,0.2892085313796997
35,2023/06/29 12:26:42,quant_conv2d,1,4,8,0.9117000102996826,0.00010001659393310547,0.2891792356967926
36,2023/06/29 12:26:46,quant_conv2d,1,1,9,0.9117000102996826,0.00010001659393310547,0.2891799211502075
37,2023/06/29 12:26:51,quant_conv2d,1,2,9,0.9117000102996826,0.00010001659393310547,0.28914040327072144
38,2023/06/29 12:26:56,quant_conv2d,1,3,9,0.9115999937057495,0.0,0.2892151176929474
39,2023/06/29 12:27:01,quant_conv2d,1,4,9,0.9117000102996826,0.00010001659393310547,0.2892179787158966
40,2023/06/29 12:27:05,quant_conv2d,1,1,10,0.9117000102996826,0.00010001659393310547,0.28917396068573
41,2023/06/29 12:27:10,quant_conv2d,1,2,10,0.911899983882904,0.000299990177154541,0.28912049531936646
42,2023/06/29 12:27:14,quant_conv2d,1,3,10,0.9115999937057495,0.0,0.28923001885414124
43,2023/06/29 12:27:19,quant_conv2d,1,4,10,0.9115999937057495,0.0,0.28921592235565186
44,2023/06/29 12:27:24,quant_conv2d,1,1,11,0.9117000102996826,0.00010001659393310547,0.28918397426605225
45,2023/06/29 12:27:28,quant_conv2d,1,2,11,0.9114999771118164,-0.00010001659393310547,0.2892134189605713
46,2023/06/29 12:27:32,quant_conv2d,1,3,11,0.9114000201225281,-0.00019997358322143555,0.2891608476638794
47,2023/06/29 12:27:36,quant_conv2d,1,4,11,0.9114999771118164,-0.00010001659393310547,0.28919583559036255
48,2023/06/29 12:27:41,quant_conv2d,1,1,12,0.9117000102996826,0.00010001659393310547,0.28921419382095337
49,2023/06/29 12:27:45,quant_conv2d,1,2,12,0.9115999937057495,0.0,0.28914520144462585
50,2023/06/29 12:27:50,quant_conv2d,1,3,12,0.9114999771118164,-0.00010001659393310547,0.28935757279396057
51,2023/06/29 12:27:54,quant_conv2d,1,4,12,0.9117000102996826,0.00010001659393310547,0.28920280933380127
52,2023/06/29 12:27:59,quant_conv2d,1,1,13,0.9118000268936157,0.00020003318786621094,0.2890697419643402
53,2023/06/29 12:28:03,quant_conv2d,1,2,13,0.9117000102996826,0.00010001659393310547,0.28920167684555054
54,2023/06/29 12:28:07,quant_conv2d,1,3,13,0.9114999771118164,-0.00010001659393310547,0.2891693115234375
55,2023/06/29 12:28:11,quant_conv2d,1,4,13,0.9120000004768372,0.0004000067710876465,0.28929901123046875
56,2023/06/29 12:28:15,quant_conv2d,1,1,14,0.9117000102996826,0.00010001659393310547,0.28901219367980957
57,2023/06/29 12:28:19,quant_conv2d,1,2,14,0.911300003528595,-0.000299990177154541,0.28897520899772644
58,2023/06/29 12:28:24,quant_conv2d,1,3,14,0.9115999937057495,0.0,0.28914105892181396
59,2023/06/29 12:28:28,quant_conv2d,1,4,14,0.9120000004768372,0.0004000067710876465,0.28923723101615906
60,2023/06/29 12:28:33,quant_conv2d,1,1,15,0.9120000004768372,0.0004000067710876465,0.2895510792732239
61,2023/06/29 12:28:37,quant_conv2d,1,2,15,0.9117000102996826,0.00010001659393310547,0.28921937942504883
62,2023/06/29 12:28:42,quant_conv2d,1,3,15,0.9121000170707703,0.000500023365020752,0.2894163429737091
63,2023/06/29 12:28:46,quant_conv2d,1,4,15,0.9111999869346619,-0.0004000067710876465,0.28982821106910706
64,2023/06/29 12:28:51,quant_conv2d,1,1,16,0.9124000072479248,0.000800013542175293,0.2893778383731842
65,2023/06/29 12:28:55,quant_conv2d,1,2,16,0.9106000065803528,-0.0009999871253967285,0.29049137234687805
66,2023/06/29 12:29:00,quant_conv2d,1,3,16,0.9111999869346619,-0.0004000067710876465,0.2907334864139557
67,2023/06/29 12:29:04,quant_conv2d,1,4,16,0.9108999967575073,-0.0006999969482421875,0.29154542088508606
68,2023/06/29 12:29:09,quant_conv2d,1,1,17,0.9107999801635742,-0.000800013542175293,0.29339733719825745
69,2023/06/29 12:29:13,quant_conv2d,1,2,17,0.9099000096321106,-0.001699984073638916,0.2970465421676636
70,2023/06/29 12:29:17,quant_conv2d,1,3,17,0.9081000089645386,-0.0034999847412109375,0.2969445288181305
71,2023/06/29 12:29:22,quant_conv2d,1,4,17,0.9077000021934509,-0.003899991512298584,0.3005054295063019
72,2023/06/29 12:29:26,quant_conv2d,1,1,18,0.907800018787384,-0.0037999749183654785,0.313374400138855
73,2023/06/29 12:29:31,quant_conv2d,1,2,18,0.9049000144004822,-0.006699979305267334,0.331356018781662
74,2023/06/29 12:29:35,quant_conv2d,1,3,18,0.901199996471405,-0.010399997234344482,0.3452717065811157
75,2023/06/29 12:29:39,quant_conv2d,1,4,18,0.9016000032424927,-0.009999990463256836,0.35066062211990356
76,2023/06/29 12:29:44,quant_conv2d,1,1,19,0.9010000228881836,-0.010599970817565918,0.3516344428062439
77,2023/06/29 12:29:48,quant_conv2d,1,2,19,0.8903999924659729,-0.02120000123977661,0.4077005982398987
78,2023/06/29 12:29:52,quant_conv2d,1,3,19,0.8876000046730042,-0.02399998903274536,0.46317777037620544
79,2023/06/29 12:29:57,quant_conv2d,1,4,19,0.8738999962806702,-0.037699997425079346,0.5207670331001282
80,2023/06/29 12:30:01,quant_conv2d,1,1,20,0.8812000155448914,-0.030399978160858154,0.46623465418815613
81,2023/06/29 12:30:05,quant_conv2d,1,2,20,0.8580999970436096,-0.05349999666213989,0.6047598123550415
82,2023/06/29 12:30:10,quant_conv2d,1,3,20,0.8270000219345093,-0.08459997177124023,0.8182947039604187
83,2023/06/29 12:30:14,quant_conv2d,1,4,20,0.8133000135421753,-0.09829998016357422,0.9259233474731445
84,2023/06/29 12:30:18,quant_conv2d,1,1,21,0.8255000114440918,-0.08609998226165771,0.8708338141441345
85,2023/06/29 12:30:23,quant_conv2d,1,2,21,0.7534999847412109,-0.15810000896453857,1.4357506036758423
86,2023/06/29 12:30:27,quant_conv2d,1,3,21,0.6949999928474426,-0.21660000085830688,1.9192662239074707
87,2023/06/29 12:30:32,quant_conv2d,1,4,21,0.6445000171661377,-0.2670999765396118,2.379194736480713
88,2023/06/29 12:30:36,quant_conv2d,1,1,22,0.7251999974250793,-0.18639999628067017,2.030961036682129
89,2023/06/29 12:30:41,quant_conv2d,1,2,22,0.5830000042915344,-0.3285999894142151,3.5281906127929688
90,2023/06/29 12:30:46,quant_conv2d,1,3,22,0.484499990940094,-0.4271000027656555,4.746681213378906
91,2023/06/29 12:30:50,quant_conv2d,1,4,22,0.4142000079154968,-0.4973999857902527,5.6903862953186035
92,2023/06/29 12:30:55,quant_conv2d,1,1,23,0.6431999802589417,-0.26840001344680786,3.2970855236053467
93,2023/06/29 12:30:59,quant_conv2d,1,2,23,0.4724999964237213,-0.4390999972820282,5.371662616729736
94,2023/06/29 12:31:03,quant_conv2d,1,3,23,0.3752000033855438,-0.5363999903202057,6.991801738739014
95,2023/06/29 12:31:08,quant_conv2d,1,4,23,0.3037000000476837,-0.6078999936580658,8.075252532958984
96,2023/06/29 12:31:12,quant_conv2d,1,1,24,0.6047999858856201,-0.3068000078201294,3.9536023139953613
97,2023/06/29 12:31:16,quant_conv2d,1,2,24,0.42149999737739563,-0.4900999963283539,6.520909786224365
98,2023/06/29 12:31:21,quant_conv2d,1,3,24,0.32690000534057617,-0.5846999883651733,8.028387069702148
99,2023/06/29 12:31:26,quant_conv2d,1,4,24,0.249099999666214,-0.6624999940395355,9.333828926086426
100,2023/06/29 12:31:30,quant_conv2d,1,1,25,0.5927000045776367,-0.3188999891281128,4.290117263793945
101,2023/06/29 12:31:35,quant_conv2d,1,2,25,0.3953000009059906,-0.5162999927997589,7.073949337005615
102,2023/06/29 12:31:39,quant_conv2d,1,3,25,0.29249998927116394,-0.6191000044345856,8.842616081237793
103,2023/06/29 12:31:44,quant_conv2d,1,4,25,0.23109999299049377,-0.6805000007152557,9.915822982788086
104,2023/06/29 12:31:48,quant_conv2d,1,1,26,0.5706999897956848,-0.3409000039100647,4.653799533843994
105,2023/06/29 12:31:52,quant_conv2d,1,2,26,0.3917999863624573,-0.5198000073432922,7.257281303405762
106,2023/06/29 12:31:56,quant_conv2d,1,3,26,0.28929999470710754,-0.622299998998642,8.959090232849121
107,2023/06/29 12:32:01,quant_conv2d,1,4,26,0.23549999296665192,-0.6761000007390976,9.930479049682617
108,2023/06/29 12:32:06,quant_conv2d,1,1,27,0.5763000249862671,-0.3352999687194824,4.562389373779297
109,2023/06/29 12:32:10,quant_conv2d,1,2,27,0.3828999996185303,-0.5286999940872192,7.394746780395508
110,2023/06/29 12:32:15,quant_conv2d,1,3,27,0.2784000039100647,-0.6331999897956848,9.151633262634277
111,2023/06/29 12:32:19,quant_conv2d,1,4,27,0.23240000009536743,-0.6791999936103821,10.155887603759766
112,2023/06/29 12:32:24,quant_conv2d,1,1,28,0.5672000050544739,-0.34439998865127563,4.777935981750488
113,2023/06/29 12:32:28,quant_conv2d,1,2,28,0.3862999975681305,-0.525299996137619,7.38775634765625
114,2023/06/29 12:32:34,quant_conv2d,1,3,28,0.2939000129699707,-0.6176999807357788,8.945402145385742
115,2023/06/29 12:32:40,quant_conv2d,1,4,28,0.22030000388622284,-0.6912999898195267,10.257523536682129
116,2023/06/29 12:32:44,quant_conv2d,1,1,29,0.5831999778747559,-0.32840001583099365,4.548704147338867
117,2023/06/29 12:32:49,quant_conv2d,1,2,29,0.3937000036239624,-0.5178999900817871,7.232518672943115
118,2023/06/29 12:32:53,quant_conv2d,1,3,29,0.2842000126838684,-0.6273999810218811,9.170727729797363
119,2023/06/29 12:32:57,quant_conv2d,1,4,29,0.2231999933719635,-0.688400000333786,10.171185493469238
120,2023/06/29 12:33:01,quant_conv2d,1,1,30,0.5769000053405762,-0.33469998836517334,4.586503982543945
121,2023/06/29 12:33:06,quant_conv2d,1,2,30,0.3880000114440918,-0.5235999822616577,7.350748538970947
122,2023/06/29 12:33:10,quant_conv2d,1,3,30,0.27810001373291016,-0.6334999799728394,9.20516300201416
123,2023/06/29 12:33:15,quant_conv2d,1,4,30,0.22390000522136688,-0.6876999884843826,10.24873161315918
124,2023/06/29 12:33:19,quant_conv2d,1,1,31,0.5526999831199646,-0.3589000105857849,5.186336994171143
125,2023/06/29 12:33:23,quant_conv2d,1,2,31,0.3695000112056732,-0.5420999825000763,7.991423606872559
126,2023/06/29 12:33:28,quant_conv2d,1,3,31,0.25870001316070557,-0.652899980545044,9.783985137939453
127,2023/06/29 12:33:33,quant_conv2d,1,4,31,0.20350000262260437,-0.7080999910831451,11.03179931640625
128,2023/06/29 12:33:38,quant_conv2d,1,1,0,0.9115999937057495,0.0,0.2891831398010254
129,2023/06/29 12:33:42,quant_conv2d,1,2,0,0.9115999937057495,0.0,0.2891831398010254
130,2023/06/29 12:33:47,quant_conv2d,1,3,0,0.9115999937057495,0.0,0.2891831398010254
131,2023/06/29 12:33:51,quant_conv2d,1,4,0,0.9115999937057495,0.0,0.2891831398010254
132,2023/06/29 12:33:56,quant_conv2d,1,1,1,0.9115999937057495,0.0,0.2891831398010254
133,2023/06/29 12:34:00,quant_conv2d,1,2,1,0.9115999937057495,0.0,0.2891876697540283
134,2023/06/29 12:34:05,quant_conv2d,1,3,1,0.9115999937057495,0.0,0.2891838252544403
135,2023/06/29 12:34:09,quant_conv2d,1,4,1,0.9115999937057495,0.0,0.2891831398010254
136,2023/06/29 12:34:13,quant_conv2d,1,1,2,0.9115999937057495,0.0,0.2891831398010254
137,2023/06/29 12:34:18,quant_conv2d,1,2,2,0.9115999937057495,0.0,0.28918248414993286
138,2023/06/29 12:34:22,quant_conv2d,1,3,2,0.9115999937057495,0.0,0.2891831398010254
139,2023/06/29 12:34:26,quant_conv2d,1,4,2,0.9115999937057495,0.0,0.2891831398010254
140,2023/06/29 12:34:30,quant_conv2d,1,1,3,0.9115999937057495,0.0,0.2891831398010254
141,2023/06/29 12:34:35,quant_conv2d,1,2,3,0.9115999937057495,0.0,0.2891831398010254
142,2023/06/29 12:34:39,quant_conv2d,1,3,3,0.9115999937057495,0.0,0.2891829311847687
143,2023/06/29 12:34:44,quant_conv2d,1,4,3,0.9115999937057495,0.0,0.28918254375457764
144,2023/06/29 12:34:48,quant_conv2d,1,1,4,0.9115999937057495,0.0,0.2891831398010254
145,2023/06/29 12:34:52,quant_conv2d,1,2,4,0.9115999937057495,0.0,0.2891831398010254
146,2023/06/29 12:34:57,quant_conv2d,1,3,4,0.9115999937057495,0.0,0.28918370604515076
147,2023/06/29 12:35:01,quant_conv2d,1,4,4,0.9115999937057495,0.0,0.28920093178749084
148,2023/06/29 12:35:05,quant_conv2d,1,1,5,0.9115999937057495,0.0,0.2891921103000641
149,2023/06/29 12:35:09,quant_conv2d,1,2,5,0.9115999937057495,0.0,0.28917956352233887
150,2023/06/29 12:35:13,quant_conv2d,1,3,5,0.9114999771118164,-0.00010001659393310547,0.28918835520744324
151,2023/06/29 12:35:17,quant_conv2d,1,4,5,0.9115999937057495,0.0,0.2892175018787384
152,2023/06/29 12:35:21,quant_conv2d,1,1,6,0.9115999937057495,0.0,0.2891673445701599
153,2023/06/29 12:35:26,quant_conv2d,1,2,6,0.9115999937057495,0.0,0.28917282819747925
154,2023/06/29 12:35:30,quant_conv2d,1,3,6,0.9115999937057495,0.0,0.2891790568828583
155,2023/06/29 12:35:34,quant_conv2d,1,4,6,0.9115999937057495,0.0,0.28922298550605774
156,2023/06/29 12:35:38,quant_conv2d,1,1,7,0.9115999937057495,0.0,0.28917396068573
157,2023/06/29 12:35:42,quant_conv2d,1,2,7,0.9115999937057495,0.0,0.2891710698604584
158,2023/06/29 12:35:46,quant_conv2d,1,3,7,0.9115999937057495,0.0,0.28917112946510315
159,2023/06/29 12:35:51,quant_conv2d,1,4,7,0.9114999771118164,-0.00010001659393310547,0.2891680598258972
160,2023/06/29 12:35:55,quant_conv2d,1,1,8,0.9117000102996826,0.00010001659393310547,0.2891670763492584
161,2023/06/29 12:35:59,quant_conv2d,1,2,8,0.9114999771118164,-0.00010001659393310547,0.28919512033462524
162,2023/06/29 12:36:03,quant_conv2d,1,3,8,0.9115999937057495,0.0,0.2892034947872162
163,2023/06/29 12:36:07,quant_conv2d,1,4,8,0.9115999937057495,0.0,0.28919583559036255
164,2023/06/29 12:36:11,quant_conv2d,1,1,9,0.9118000268936157,0.00020003318786621094,0.2891855537891388
165,2023/06/29 12:36:15,quant_conv2d,1,2,9,0.9115999937057495,0.0,0.2891879379749298
166,2023/06/29 12:36:20,quant_conv2d,1,3,9,0.9115999937057495,0.0,0.28917860984802246
167,2023/06/29 12:36:24,quant_conv2d,1,4,9,0.9115999937057495,0.0,0.289310485124588
168,2023/06/29 12:36:28,quant_conv2d,1,1,10,0.9117000102996826,0.00010001659393310547,0.28918901085853577
169,2023/06/29 12:36:32,quant_conv2d,1,2,10,0.9114999771118164,-0.00010001659393310547,0.28922003507614136
170,2023/06/29 12:36:36,quant_conv2d,1,3,10,0.9117000102996826,0.00010001659393310547,0.2891447842121124
171,2023/06/29 12:36:41,quant_conv2d,1,4,10,0.9120000004768372,0.0004000067710876465,0.2891634404659271
172,2023/06/29 12:36:45,quant_conv2d,1,1,11,0.9115999937057495,0.0,0.28912943601608276
173,2023/06/29 12:36:50,quant_conv2d,1,2,11,0.9115999937057495,0.0,0.28914210200309753
174,2023/06/29 12:36:54,quant_conv2d,1,3,11,0.9118000268936157,0.00020003318786621094,0.2892886698246002
175,2023/06/29 12:36:59,quant_conv2d,1,4,11,0.9117000102996826,0.00010001659393310547,0.28918027877807617
176,2023/06/29 12:37:03,quant_conv2d,1,1,12,0.911899983882904,0.000299990177154541,0.2892167866230011
177,2023/06/29 12:37:07,quant_conv2d,1,2,12,0.911899983882904,0.000299990177154541,0.28915753960609436
178,2023/06/29 12:37:12,quant_conv2d,1,3,12,0.9114999771118164,-0.00010001659393310547,0.289226233959198
179,2023/06/29 12:37:16,quant_conv2d,1,4,12,0.9118000268936157,0.00020003318786621094,0.28924208879470825
180,2023/06/29 12:37:21,quant_conv2d,1,1,13,0.9120000004768372,0.0004000067710876465,0.2891838550567627
181,2023/06/29 12:37:25,quant_conv2d,1,2,13,0.911899983882904,0.000299990177154541,0.2892436385154724
182,2023/06/29 12:37:29,quant_conv2d,1,3,13,0.9118000268936157,0.00020003318786621094,0.28902924060821533
183,2023/06/29 12:37:34,quant_conv2d,1,4,13,0.911899983882904,0.000299990177154541,0.2892104387283325
184,2023/06/29 12:37:38,quant_conv2d,1,1,14,0.9114000201225281,-0.00019997358322143555,0.28917956352233887
185,2023/06/29 12:37:42,quant_conv2d,1,2,14,0.9111999869346619,-0.0004000067710876465,0.28919678926467896
186,2023/06/29 12:37:47,quant_conv2d,1,3,14,0.9122999906539917,0.0006999969482421875,0.2892806828022003
187,2023/06/29 12:37:51,quant_conv2d,1,4,14,0.9121000170707703,0.000500023365020752,0.28923434019088745
188,2023/06/29 12:37:56,quant_conv2d,1,1,15,0.9120000004768372,0.0004000067710876465,0.289246529340744
189,2023/06/29 12:38:00,quant_conv2d,1,2,15,0.9117000102996826,0.00010001659393310547,0.2901490032672882
190,2023/06/29 12:38:04,quant_conv2d,1,3,15,0.9120000004768372,0.0004000067710876465,0.2898091673851013
191,2023/06/29 12:38:09,quant_conv2d,1,4,15,0.9120000004768372,0.0004000067710876465,0.2896372377872467
192,2023/06/29 12:38:13,quant_conv2d,1,1,16,0.9121000170707703,0.000500023365020752,0.29003041982650757
193,2023/06/29 12:38:18,quant_conv2d,1,2,16,0.9120000004768372,0.0004000067710876465,0.28941822052001953
194,2023/06/29 12:38:22,quant_conv2d,1,3,16,0.9121999740600586,0.000599980354309082,0.2907550632953644
195,2023/06/29 12:38:26,quant_conv2d,1,4,16,0.9115999937057495,0.0,0.291500449180603
196,2023/06/29 12:38:30,quant_conv2d,1,1,17,0.9110999703407288,-0.000500023365020752,0.29226061701774597
197,2023/06/29 12:38:35,quant_conv2d,1,2,17,0.9110999703407288,-0.000500023365020752,0.2971184253692627
198,2023/06/29 12:38:39,quant_conv2d,1,3,17,0.9099000096321106,-0.001699984073638916,0.2947441041469574
199,2023/06/29 12:38:44,quant_conv2d,1,4,17,0.9100000262260437,-0.0015999674797058105,0.29679593443870544
200,2023/06/29 12:38:48,quant_conv2d,1,1,18,0.90829998254776,-0.003300011157989502,0.30510035157203674
201,2023/06/29 12:38:52,quant_conv2d,1,2,18,0.9067000150680542,-0.0048999786376953125,0.3228927254676819
202,2023/06/29 12:38:57,quant_conv2d,1,3,18,0.9018999934196472,-0.009700000286102295,0.33573269844055176
203,2023/06/29 12:39:01,quant_conv2d,1,4,18,0.8984000086784363,-0.013199985027313232,0.3551133871078491
204,2023/06/29 12:39:05,quant_conv2d,1,1,19,0.9021000266075134,-0.009499967098236084,0.36141079664230347
205,2023/06/29 12:39:10,quant_conv2d,1,2,19,0.8935999870300293,-0.018000006675720215,0.39674052596092224
206,2023/06/29 12:39:14,quant_conv2d,1,3,19,0.879800021648407,-0.03179997205734253,0.4803534150123596
207,2023/06/29 12:39:18,quant_conv2d,1,4,19,0.8745999932289124,-0.03700000047683716,0.5116294026374817
208,2023/06/29 12:39:23,quant_conv2d,1,1,20,0.8817999958992004,-0.029799997806549072,0.46650370955467224
209,2023/06/29 12:39:27,quant_conv2d,1,2,20,0.8572999835014343,-0.054300010204315186,0.6203984618186951
210,2023/06/29 12:39:31,quant_conv2d,1,3,20,0.8338000178337097,-0.0777999758720398,0.7615630626678467
211,2023/06/29 12:39:36,quant_conv2d,1,4,20,0.8087000250816345,-0.10289996862411499,0.9242260456085205
212,2023/06/29 12:39:40,quant_conv2d,1,1,21,0.8238999843597412,-0.0877000093460083,0.890163779258728
213,2023/06/29 12:39:44,quant_conv2d,1,2,21,0.7484999895095825,-0.163100004196167,1.4434741735458374
214,2023/06/29 12:39:48,quant_conv2d,1,3,21,0.6913999915122986,-0.22020000219345093,1.9081978797912598
215,2023/06/29 12:39:53,quant_conv2d,1,4,21,0.6373999714851379,-0.2742000222206116,2.491912841796875
216,2023/06/29 12:39:57,quant_conv2d,1,1,22,0.7146999835968018,-0.19690001010894775,2.1370787620544434
217,2023/06/29 12:40:01,quant_conv2d,1,2,22,0.5831999778747559,-0.32840001583099365,3.526097297668457
218,2023/06/29 12:40:06,quant_conv2d,1,3,22,0.48730000853538513,-0.4242999851703644,4.611074924468994
219,2023/06/29 12:40:10,quant_conv2d,1,4,22,0.4092999994754791,-0.5022999942302704,5.658900737762451
220,2023/06/29 12:40:14,quant_conv2d,1,1,23,0.6424000263214111,-0.2691999673843384,3.2865281105041504
221,2023/06/29 12:40:18,quant_conv2d,1,2,23,0.47369998693466187,-0.43790000677108765,5.453771114349365
222,2023/06/29 12:40:24,quant_conv2d,1,3,23,0.3675999939441681,-0.5439999997615814,6.917154788970947
223,2023/06/29 12:40:28,quant_conv2d,1,4,23,0.30379998683929443,-0.6078000068664551,8.112300872802734
224,2023/06/29 12:40:32,quant_conv2d,1,1,24,0.599399983882904,-0.31220000982284546,4.030754566192627
225,2023/06/29 12:40:36,quant_conv2d,1,2,24,0.4242999851703644,-0.48730000853538513,6.487499237060547
226,2023/06/29 12:40:40,quant_conv2d,1,3,24,0.31790000200271606,-0.5936999917030334,8.153478622436523
227,2023/06/29 12:40:45,quant_conv2d,1,4,24,0.2572999894618988,-0.6543000042438507,9.272499084472656
228,2023/06/29 12:40:49,quant_conv2d,1,1,25,0.5841000080108643,-0.32749998569488525,4.413529396057129
229,2023/06/29 12:40:53,quant_conv2d,1,2,25,0.3937000036239624,-0.5178999900817871,7.0904388427734375
230,2023/06/29 12:40:57,quant_conv2d,1,3,25,0.29429998993873596,-0.6173000037670135,8.809890747070312
231,2023/06/29 12:41:02,quant_conv2d,1,4,25,0.23109999299049377,-0.6805000007152557,9.849689483642578
232,2023/06/29 12:41:06,quant_conv2d,1,1,26,0.5687999725341797,-0.3428000211715698,4.591479301452637
233,2023/06/29 12:41:11,quant_conv2d,1,2,26,0.40059998631477356,-0.511000007390976,7.143651008605957
234,2023/06/29 12:41:15,quant_conv2d,1,3,26,0.28610000014305115,-0.6254999935626984,9.01634693145752
235,2023/06/29 12:41:19,quant_conv2d,1,4,26,0.22939999401569366,-0.6821999996900558,10.083627700805664
236,2023/06/29 12:41:24,quant_conv2d,1,1,27,0.5688999891281128,-0.3427000045776367,4.616518497467041
237,2023/06/29 12:41:28,quant_conv2d,1,2,27,0.38449999690055847,-0.527099996805191,7.4333391189575195
238,2023/06/29 12:41:32,quant_conv2d,1,3,27,0.2867000102996826,-0.6248999834060669,9.048055648803711
239,2023/06/29 12:41:37,quant_conv2d,1,4,27,0.22830000519752502,-0.6832999885082245,10.186982154846191
240,2023/06/29 12:41:41,quant_conv2d,1,1,28,0.5680999755859375,-0.343500018119812,4.696807861328125
241,2023/06/29 12:41:45,quant_conv2d,1,2,28,0.3917999863624573,-0.5198000073432922,7.385334491729736
242,2023/06/29 12:41:49,quant_conv2d,1,3,28,0.29350000619888306,-0.6180999875068665,8.994852066040039
243,2023/06/29 12:41:54,quant_conv2d,1,4,28,0.2207999974489212,-0.6907999962568283,10.271854400634766
244,2023/06/29 12:41:58,quant_conv2d,1,1,29,0.5622000098228455,-0.34939998388290405,4.65389347076416
245,2023/06/29 12:42:02,quant_conv2d,1,2,29,0.38769999146461487,-0.5239000022411346,7.272399425506592
246,2023/06/29 12:42:06,quant_conv2d,1,3,29,0.2842000126838684,-0.6273999810218811,9.141345977783203
247,2023/06/29 12:42:11,quant_conv2d,1,4,29,0.219200000166893,-0.6923999935388565,10.230803489685059
248,2023/06/29 12:42:15,quant_conv2d,1,1,30,0.5719000101089478,-0.33969998359680176,4.749802112579346
249,2023/06/29 12:42:19,quant_conv2d,1,2,30,0.383899986743927,-0.5277000069618225,7.45012092590332
250,2023/06/29 12:42:24,quant_conv2d,1,3,30,0.28139999508857727,-0.6301999986171722,9.121044158935547
251,2023/06/29 12:42:28,quant_conv2d,1,4,30,0.2206999957561493,-0.6908999979496002,10.302011489868164
252,2023/06/29 12:42:32,quant_conv2d,1,1,31,0.5543000102043152,-0.3572999835014343,5.1000823974609375
253,2023/06/29 12:42:36,quant_conv2d,1,2,31,0.3662000000476837,-0.5453999936580658,8.070446014404297
254,2023/06/29 12:42:41,quant_conv2d,1,3,31,0.26910001039505005,-0.6424999833106995,9.611483573913574
255,2023/06/29 12:42:45,quant_conv2d,1,4,31,0.20739999413490295,-0.7041999995708466,10.942231178283691
256,2023/06/29 12:42:49,quant_conv2d,1,1,0,0.9115999937057495,0.0,0.2891831398010254
257,2023/06/29 12:42:53,quant_conv2d,1,2,0,0.9115999937057495,0.0,0.2891831398010254
258,2023/06/29 12:42:58,quant_conv2d,1,3,0,0.9115999937057495,0.0,0.2891831398010254
259,2023/06/29 12:43:02,quant_conv2d,1,4,0,0.9115999937057495,0.0,0.2891831398010254
260,2023/06/29 12:43:07,quant_conv2d,1,1,1,0.9115999937057495,0.0,0.2891831398010254
261,2023/06/29 12:43:11,quant_conv2d,1,2,1,0.9115999937057495,0.0,0.2891831398010254
262,2023/06/29 12:43:15,quant_conv2d,1,3,1,0.9115999937057495,0.0,0.2891791760921478
263,2023/06/29 12:43:20,quant_conv2d,1,4,1,0.9115999937057495,0.0,0.2891831398010254
264,2023/06/29 12:43:25,quant_conv2d,1,1,2,0.9115999937057495,0.0,0.2891831398010254
265,2023/06/29 12:43:29,quant_conv2d,1,2,2,0.9115999937057495,0.0,0.28918275237083435
266,2023/06/29 12:43:33,quant_conv2d,1,3,2,0.9115999937057495,0.0,0.2891831398010254
267,2023/06/29 12:43:37,quant_conv2d,1,4,2,0.9115999937057495,0.0,0.2891797721385956
268,2023/06/29 12:43:42,quant_conv2d,1,1,3,0.9115999937057495,0.0,0.28917545080184937
269,2023/06/29 12:43:46,quant_conv2d,1,2,3,0.9115999937057495,0.0,0.2891831398010254
270,2023/06/29 12:43:50,quant_conv2d,1,3,3,0.9115999937057495,0.0,0.2891814708709717
271,2023/06/29 12:43:55,quant_conv2d,1,4,3,0.9115999937057495,0.0,0.28918370604515076
272,2023/06/29 12:43:59,quant_conv2d,1,1,4,0.9115999937057495,0.0,0.2891831398010254
273,2023/06/29 12:44:04,quant_conv2d,1,2,4,0.9115999937057495,0.0,0.2891730070114136
274,2023/06/29 12:44:08,quant_conv2d,1,3,4,0.9115999937057495,0.0,0.2891828715801239
275,2023/06/29 12:44:13,quant_conv2d,1,4,4,0.9115999937057495,0.0,0.28918710350990295
276,2023/06/29 12:44:18,quant_conv2d,1,1,5,0.9115999937057495,0.0,0.2892093360424042
277,2023/06/29 12:44:22,quant_conv2d,1,2,5,0.9115999937057495,0.0,0.28921377658843994
278,2023/06/29 12:44:27,quant_conv2d,1,3,5,0.9115999937057495,0.0,0.28918564319610596
279,2023/06/29 12:44:31,quant_conv2d,1,4,5,0.9115999937057495,0.0,0.28919410705566406
280,2023/06/29 12:44:36,quant_conv2d,1,1,6,0.9115999937057495,0.0,0.289183109998703
281,2023/06/29 12:44:40,quant_conv2d,1,2,6,0.9115999937057495,0.0,0.2891876995563507
282,2023/06/29 12:44:44,quant_conv2d,1,3,6,0.9114000201225281,-0.00019997358322143555,0.28919580578804016
283,2023/06/29 12:44:49,quant_conv2d,1,4,6,0.9115999937057495,0.0,0.2892169952392578
284,2023/06/29 12:44:53,quant_conv2d,1,1,7,0.9115999937057495,0.0,0.2891806364059448
285,2023/06/29 12:44:57,quant_conv2d,1,2,7,0.9115999937057495,0.0,0.28918763995170593
286,2023/06/29 12:45:01,quant_conv2d,1,3,7,0.9118000268936157,0.00020003318786621094,0.28916236758232117
287,2023/06/29 12:45:05,quant_conv2d,1,4,7,0.9117000102996826,0.00010001659393310547,0.2892075181007385
288,2023/06/29 12:45:10,quant_conv2d,1,1,8,0.9115999937057495,0.0,0.2892017960548401
289,2023/06/29 12:45:14,quant_conv2d,1,2,8,0.9115999937057495,0.0,0.2891397178173065
290,2023/06/29 12:45:18,quant_conv2d,1,3,8,0.9117000102996826,0.00010001659393310547,0.28924456238746643
291,2023/06/29 12:45:23,quant_conv2d,1,4,8,0.9115999937057495,0.0,0.28913256525993347
292,2023/06/29 12:45:27,quant_conv2d,1,1,9,0.9115999937057495,0.0,0.2892451286315918
293,2023/06/29 12:45:31,quant_conv2d,1,2,9,0.9115999937057495,0.0,0.2891630232334137
294,2023/06/29 12:45:36,quant_conv2d,1,3,9,0.9117000102996826,0.00010001659393310547,0.289198100566864
295,2023/06/29 12:45:40,quant_conv2d,1,4,9,0.9117000102996826,0.00010001659393310547,0.2890617549419403
296,2023/06/29 12:45:45,quant_conv2d,1,1,10,0.9118000268936157,0.00020003318786621094,0.28918781876564026
297,2023/06/29 12:45:49,quant_conv2d,1,2,10,0.9114999771118164,-0.00010001659393310547,0.2892618775367737
298,2023/06/29 12:45:54,quant_conv2d,1,3,10,0.9115999937057495,0.0,0.2892289459705353
299,2023/06/29 12:45:58,quant_conv2d,1,4,10,0.9118000268936157,0.00020003318786621094,0.2891491949558258
300,2023/06/29 12:46:03,quant_conv2d,1,1,11,0.9117000102996826,0.00010001659393310547,0.2891547977924347
301,2023/06/29 12:46:07,quant_conv2d,1,2,11,0.9118000268936157,0.00020003318786621094,0.2891913652420044
302,2023/06/29 12:46:11,quant_conv2d,1,3,11,0.9114000201225281,-0.00019997358322143555,0.28923988342285156
303,2023/06/29 12:46:16,quant_conv2d,1,4,11,0.9117000102996826,0.00010001659393310547,0.28907978534698486
304,2023/06/29 12:46:20,quant_conv2d,1,1,12,0.9117000102996826,0.00010001659393310547,0.28926315903663635
305,2023/06/29 12:46:24,quant_conv2d,1,2,12,0.9120000004768372,0.0004000067710876465,0.2891586124897003
306,2023/06/29 12:46:29,quant_conv2d,1,3,12,0.9120000004768372,0.0004000067710876465,0.2893803119659424
307,2023/06/29 12:46:33,quant_conv2d,1,4,12,0.911899983882904,0.000299990177154541,0.28893691301345825
308,2023/06/29 12:46:38,quant_conv2d,1,1,13,0.911899983882904,0.000299990177154541,0.28933700919151306
309,2023/06/29 12:46:42,quant_conv2d,1,2,13,0.9114999771118164,-0.00010001659393310547,0.28921252489089966
310,2023/06/29 12:46:46,quant_conv2d,1,3,13,0.9110000133514404,-0.000599980354309082,0.2893391251564026
311,2023/06/29 12:46:50,quant_conv2d,1,4,13,0.9125000238418579,0.0009000301361083984,0.2892957925796509
312,2023/06/29 12:46:54,quant_conv2d,1,1,14,0.9118000268936157,0.00020003318786621094,0.2889692485332489
313,2023/06/29 12:46:58,quant_conv2d,1,2,14,0.9124000072479248,0.000800013542175293,0.2891969680786133
314,2023/06/29 12:47:03,quant_conv2d,1,3,14,0.9118000268936157,0.00020003318786621094,0.2892308235168457
315,2023/06/29 12:47:07,quant_conv2d,1,4,14,0.911300003528595,-0.000299990177154541,0.2892698347568512
316,2023/06/29 12:47:11,quant_conv2d,1,1,15,0.9117000102996826,0.00010001659393310547,0.28944215178489685
317,2023/06/29 12:47:15,quant_conv2d,1,2,15,0.9114999771118164,-0.00010001659393310547,0.28910455107688904
318,2023/06/29 12:47:20,quant_conv2d,1,3,15,0.9124000072479248,0.000800013542175293,0.28924891352653503
319,2023/06/29 12:47:24,quant_conv2d,1,4,15,0.9110999703407288,-0.000500023365020752,0.290167897939682
320,2023/06/29 12:47:28,quant_conv2d,1,1,16,0.9115999937057495,0.0,0.2902906835079193
321,2023/06/29 12:47:32,quant_conv2d,1,2,16,0.9118000268936157,0.00020003318786621094,0.2922899127006531
322,2023/06/29 12:47:36,quant_conv2d,1,3,16,0.9117000102996826,0.00010001659393310547,0.29131853580474854
323,2023/06/29 12:47:41,quant_conv2d,1,4,16,0.910099983215332,-0.0015000104904174805,0.29216793179512024
324,2023/06/29 12:47:45,quant_conv2d,1,1,17,0.911300003528595,-0.000299990177154541,0.2933131456375122
325,2023/06/29 12:47:49,quant_conv2d,1,2,17,0.9104999899864197,-0.001100003719329834,0.29320937395095825
326,2023/06/29 12:47:53,quant_conv2d,1,3,17,0.9110000133514404,-0.000599980354309082,0.297134131193161
327,2023/06/29 12:47:58,quant_conv2d,1,4,17,0.9089999794960022,-0.0026000142097473145,0.30005547404289246
328,2023/06/29 12:48:02,quant_conv2d,1,1,18,0.90829998254776,-0.003300011157989502,0.3081536293029785
329,2023/06/29 12:48:06,quant_conv2d,1,2,18,0.9024999737739563,-0.009100019931793213,0.33029210567474365
330,2023/06/29 12:48:10,quant_conv2d,1,3,18,0.900600016117096,-0.010999977588653564,0.3405025005340576
331,2023/06/29 12:48:15,quant_conv2d,1,4,18,0.8996000289916992,-0.011999964714050293,0.36347395181655884
332,2023/06/29 12:48:20,quant_conv2d,1,1,19,0.8991000056266785,-0.012499988079071045,0.36298060417175293
333,2023/06/29 12:48:25,quant_conv2d,1,2,19,0.8935999870300293,-0.018000006675720215,0.39329174160957336
334,2023/06/29 12:48:29,quant_conv2d,1,3,19,0.8819000124931335,-0.029699981212615967,0.4677606523036957
335,2023/06/29 12:48:34,quant_conv2d,1,4,19,0.8726999759674072,-0.038900017738342285,0.5250588059425354
336,2023/06/29 12:48:38,quant_conv2d,1,1,20,0.8838000297546387,-0.02779996395111084,0.4462316334247589
337,2023/06/29 12:48:43,quant_conv2d,1,2,20,0.8568999767303467,-0.05470001697540283,0.6312243938446045
338,2023/06/29 12:48:47,quant_conv2d,1,3,20,0.833899974822998,-0.07770001888275146,0.7530254125595093
339,2023/06/29 12:48:52,quant_conv2d,1,4,20,0.8086000084877014,-0.1029999852180481,0.9096215963363647
340,2023/06/29 12:48:56,quant_conv2d,1,1,21,0.8273000121116638,-0.0842999815940857,0.8503051996231079
341,2023/06/29 12:49:00,quant_conv2d,1,2,21,0.7541000247001648,-0.15749996900558472,1.4055681228637695
342,2023/06/29 12:49:05,quant_conv2d,1,3,21,0.699400007724762,-0.21219998598098755,1.8827749490737915
343,2023/06/29 12:49:09,quant_conv2d,1,4,21,0.6452999711036682,-0.2663000226020813,2.378772735595703
344,2023/06/29 12:49:14,quant_conv2d,1,1,22,0.7235999703407288,-0.18800002336502075,2.0687990188598633
345,2023/06/29 12:49:18,quant_conv2d,1,2,22,0.586899995803833,-0.3246999979019165,3.5277891159057617
346,2023/06/29 12:49:22,quant_conv2d,1,3,22,0.4844000041484833,-0.42719998955726624,4.7340569496154785
347,2023/06/29 12:49:27,quant_conv2d,1,4,22,0.4153999984264374,-0.49619999527931213,5.649685859680176
348,2023/06/29 12:49:31,quant_conv2d,1,1,23,0.6395000219345093,-0.27209997177124023,3.2963695526123047
349,2023/06/29 12:49:36,quant_conv2d,1,2,23,0.47040000557899475,-0.44119998812675476,5.404998779296875
350,2023/06/29 12:49:40,quant_conv2d,1,3,23,0.36559998989105225,-0.5460000038146973,6.908244609832764
351,2023/06/29 12:49:45,quant_conv2d,1,4,23,0.29269999265670776,-0.6189000010490417,8.08503246307373
352,2023/06/29 12:49:50,quant_conv2d,1,1,24,0.5981000065803528,-0.31349998712539673,4.06265115737915
353,2023/06/29 12:49:54,quant_conv2d,1,2,24,0.42500001192092896,-0.48659998178482056,6.420722484588623
354,2023/06/29 12:49:58,quant_conv2d,1,3,24,0.3190000057220459,-0.5925999879837036,8.071702003479004
355,2023/06/29 12:50:03,quant_conv2d,1,4,24,0.24779999256134033,-0.6638000011444092,9.398346900939941
356,2023/06/29 12:50:07,quant_conv2d,1,1,25,0.5906000137329102,-0.32099997997283936,4.311777591705322
357,2023/06/29 12:50:12,quant_conv2d,1,2,25,0.40400001406669617,-0.5075999796390533,6.943668842315674
358,2023/06/29 12:50:16,quant_conv2d,1,3,25,0.2955999970436096,-0.6159999966621399,8.70832347869873
359,2023/06/29 12:50:21,quant_conv2d,1,4,25,0.23430000245571136,-0.6772999912500381,9.856017112731934
360,2023/06/29 12:50:25,quant_conv2d,1,1,26,0.5683000087738037,-0.3432999849319458,4.665708065032959
361,2023/06/29 12:50:29,quant_conv2d,1,2,26,0.39750000834465027,-0.5140999853610992,7.226695537567139
362,2023/06/29 12:50:34,quant_conv2d,1,3,26,0.2957000136375427,-0.6158999800682068,8.978696823120117
363,2023/06/29 12:50:38,quant_conv2d,1,4,26,0.2240000069141388,-0.6875999867916107,10.125335693359375
364,2023/06/29 12:50:42,quant_conv2d,1,1,27,0.5688999891281128,-0.3427000045776367,4.664636135101318
365,2023/06/29 12:50:47,quant_conv2d,1,2,27,0.3928999900817871,-0.5187000036239624,7.294713973999023
366,2023/06/29 12:50:52,quant_conv2d,1,3,27,0.2874999940395355,-0.624099999666214,9.047706604003906
367,2023/06/29 12:50:56,quant_conv2d,1,4,27,0.22349999845027924,-0.6880999952554703,10.217764854431152
368,2023/06/29 12:51:00,quant_conv2d,1,1,28,0.5659999847412109,-0.3456000089645386,4.754538059234619
369,2023/06/29 12:51:05,quant_conv2d,1,2,28,0.384799987077713,-0.5268000066280365,7.465956211090088
370,2023/06/29 12:51:09,quant_conv2d,1,3,28,0.28450000286102295,-0.6270999908447266,9.084993362426758
371,2023/06/29 12:51:14,quant_conv2d,1,4,28,0.21789999306201935,-0.6937000006437302,10.30606746673584
372,2023/06/29 12:51:18,quant_conv2d,1,1,29,0.5713000297546387,-0.34029996395111084,4.700183868408203
373,2023/06/29 12:51:22,quant_conv2d,1,2,29,0.3910999894142151,-0.5205000042915344,7.372748374938965
374,2023/06/29 12:51:27,quant_conv2d,1,3,29,0.2842000126838684,-0.6273999810218811,9.130558967590332
375,2023/06/29 12:51:31,quant_conv2d,1,4,29,0.22429999709129333,-0.6872999966144562,10.21220588684082
376,2023/06/29 12:51:36,quant_conv2d,1,1,30,0.5648000240325928,-0.34679996967315674,4.713023662567139
377,2023/06/29 12:51:40,quant_conv2d,1,2,30,0.38940000534057617,-0.5221999883651733,7.351100921630859
378,2023/06/29 12:51:44,quant_conv2d,1,3,30,0.28630000352859497,-0.6252999901771545,9.063507080078125
379,2023/06/29 12:51:49,quant_conv2d,1,4,30,0.22220000624656677,-0.6893999874591827,10.25589370727539
380,2023/06/29 12:51:53,quant_conv2d,1,1,31,0.5516999959945679,-0.35989999771118164,5.167174816131592
381,2023/06/29 12:51:57,quant_conv2d,1,2,31,0.35679998993873596,-0.5548000037670135,8.121234893798828
382,2023/06/29 12:52:01,quant_conv2d,1,3,31,0.2603999972343445,-0.651199996471405,9.886366844177246
383,2023/06/29 12:52:06,quant_conv2d,1,4,31,0.19779999554157257,-0.7137999981641769,10.909004211425781
384,2023/06/29 12:52:10,quant_conv2d,1,1,0,0.9115999937057495,0.0,0.2891831398010254
385,2023/06/29 12:52:14,quant_conv2d,1,2,0,0.9115999937057495,0.0,0.2891831398010254
386,2023/06/29 12:52:19,quant_conv2d,1,3,0,0.9115999937057495,0.0,0.2891831398010254
387,2023/06/29 12:52:23,quant_conv2d,1,4,0,0.9115999937057495,0.0,0.2891831398010254
388,2023/06/29 12:52:27,quant_conv2d,1,1,1,0.9115999937057495,0.0,0.2891812324523926
389,2023/06/29 12:52:32,quant_conv2d,1,2,1,0.9115999937057495,0.0,0.2891831398010254
390,2023/06/29 12:52:37,quant_conv2d,1,3,1,0.9115999937057495,0.0,0.2891831398010254
391,2023/06/29 12:52:41,quant_conv2d,1,4,1,0.9115999937057495,0.0,0.28918328881263733
392,2023/06/29 12:52:46,quant_conv2d,1,1,2,0.9115999937057495,0.0,0.2891795039176941
393,2023/06/29 12:52:50,quant_conv2d,1,2,2,0.9115999937057495,0.0,0.2891831398010254
394,2023/06/29 12:52:55,quant_conv2d,1,3,2,0.9115999937057495,0.0,0.28918424248695374
395,2023/06/29 12:52:59,quant_conv2d,1,4,2,0.9115999937057495,0.0,0.28918322920799255
396,2023/06/29 12:53:03,quant_conv2d,1,1,3,0.9115999937057495,0.0,0.2891809046268463
397,2023/06/29 12:53:08,quant_conv2d,1,2,3,0.9115999937057495,0.0,0.28917986154556274
398,2023/06/29 12:53:12,quant_conv2d,1,3,3,0.9115999937057495,0.0,0.28919169306755066
399,2023/06/29 12:53:16,quant_conv2d,1,4,3,0.9115999937057495,0.0,0.28918296098709106
400,2023/06/29 12:53:21,quant_conv2d,1,1,4,0.9115999937057495,0.0,0.2891753315925598
401,2023/06/29 12:53:25,quant_conv2d,1,2,4,0.9115999937057495,0.0,0.2891751527786255
402,2023/06/29 12:53:29,quant_conv2d,1,3,4,0.9115999937057495,0.0,0.2891708016395569
403,2023/06/29 12:53:34,quant_conv2d,1,4,4,0.9115999937057495,0.0,0.2891830801963806
404,2023/06/29 12:53:38,quant_conv2d,1,1,5,0.9115999937057495,0.0,0.28918159008026123
405,2023/06/29 12:53:43,quant_conv2d,1,2,5,0.9114999771118164,-0.00010001659393310547,0.28918731212615967
406,2023/06/29 12:53:47,quant_conv2d,1,3,5,0.9117000102996826,0.00010001659393310547,0.28917860984802246
407,2023/06/29 12:53:52,quant_conv2d,1,4,5,0.9115999937057495,0.0,0.2891893684864044
408,2023/06/29 12:53:56,quant_conv2d,1,1,6,0.9115999937057495,0.0,0.2891812026500702
409,2023/06/29 12:54:00,quant_conv2d,1,2,6,0.9115999937057495,0.0,0.2891770899295807
410,2023/06/29 12:54:05,quant_conv2d,1,3,6,0.9114999771118164,-0.00010001659393310547,0.28919151425361633
411,2023/06/29 12:54:09,quant_conv2d,1,4,6,0.9115999937057495,0.0,0.28921517729759216
412,2023/06/29 12:54:14,quant_conv2d,1,1,7,0.9115999937057495,0.0,0.28920212388038635
413,2023/06/29 12:54:19,quant_conv2d,1,2,7,0.9117000102996826,0.00010001659393310547,0.2892337441444397
414,2023/06/29 12:54:25,quant_conv2d,1,3,7,0.9114999771118164,-0.00010001659393310547,0.2891462743282318
415,2023/06/29 12:54:29,quant_conv2d,1,4,7,0.9114999771118164,-0.00010001659393310547,0.28920304775238037
416,2023/06/29 12:54:34,quant_conv2d,1,1,8,0.9117000102996826,0.00010001659393310547,0.28918224573135376
417,2023/06/29 12:54:38,quant_conv2d,1,2,8,0.9115999937057495,0.0,0.28917258977890015
418,2023/06/29 12:54:43,quant_conv2d,1,3,8,0.9114999771118164,-0.00010001659393310547,0.2891499400138855
419,2023/06/29 12:54:48,quant_conv2d,1,4,8,0.9117000102996826,0.00010001659393310547,0.2890898287296295
420,2023/06/29 12:54:52,quant_conv2d,1,1,9,0.9114999771118164,-0.00010001659393310547,0.28922244906425476
421,2023/06/29 12:54:57,quant_conv2d,1,2,9,0.9118000268936157,0.00020003318786621094,0.2891603112220764
422,2023/06/29 12:55:01,quant_conv2d,1,3,9,0.9115999937057495,0.0,0.2892305552959442
423,2023/06/29 12:55:06,quant_conv2d,1,4,9,0.9115999937057495,0.0,0.2891826033592224
424,2023/06/29 12:55:10,quant_conv2d,1,1,10,0.9115999937057495,0.0,0.2891634404659271
425,2023/06/29 12:55:14,quant_conv2d,1,2,10,0.9114999771118164,-0.00010001659393310547,0.28914573788642883
426,2023/06/29 12:55:19,quant_conv2d,1,3,10,0.911899983882904,0.000299990177154541,0.2891598045825958
427,2023/06/29 12:55:23,quant_conv2d,1,4,10,0.9115999937057495,0.0,0.2892158329486847
428,2023/06/29 12:55:27,quant_conv2d,1,1,11,0.9117000102996826,0.00010001659393310547,0.28922039270401
429,2023/06/29 12:55:32,quant_conv2d,1,2,11,0.9115999937057495,0.0,0.2891805171966553
430,2023/06/29 12:55:36,quant_conv2d,1,3,11,0.9111999869346619,-0.0004000067710876465,0.28929373621940613
431,2023/06/29 12:55:40,quant_conv2d,1,4,11,0.9115999937057495,0.0,0.2892179787158966
432,2023/06/29 12:55:44,quant_conv2d,1,1,12,0.9118000268936157,0.00020003318786621094,0.28913572430610657
433,2023/06/29 12:55:48,quant_conv2d,1,2,12,0.9115999937057495,0.0,0.28919339179992676
434,2023/06/29 12:55:52,quant_conv2d,1,3,12,0.9117000102996826,0.00010001659393310547,0.289213627576828
435,2023/06/29 12:55:57,quant_conv2d,1,4,12,0.9117000102996826,0.00010001659393310547,0.28926554322242737
436,2023/06/29 12:56:01,quant_conv2d,1,1,13,0.9120000004768372,0.0004000067710876465,0.2889872193336487
437,2023/06/29 12:56:05,quant_conv2d,1,2,13,0.9121000170707703,0.000500023365020752,0.2892976999282837
438,2023/06/29 12:56:09,quant_conv2d,1,3,13,0.9111999869346619,-0.0004000067710876465,0.2891889214515686
439,2023/06/29 12:56:14,quant_conv2d,1,4,13,0.911300003528595,-0.000299990177154541,0.2893286347389221
440,2023/06/29 12:56:18,quant_conv2d,1,1,14,0.9114000201225281,-0.00019997358322143555,0.28955867886543274
441,2023/06/29 12:56:22,quant_conv2d,1,2,14,0.9117000102996826,0.00010001659393310547,0.2892343997955322
442,2023/06/29 12:56:26,quant_conv2d,1,3,14,0.911899983882904,0.000299990177154541,0.2892957329750061
443,2023/06/29 12:56:30,quant_conv2d,1,4,14,0.911899983882904,0.000299990177154541,0.28964123129844666
444,2023/06/29 12:56:34,quant_conv2d,1,1,15,0.9110000133514404,-0.000599980354309082,0.28897976875305176
445,2023/06/29 12:56:38,quant_conv2d,1,2,15,0.911300003528595,-0.000299990177154541,0.28913360834121704
446,2023/06/29 12:56:43,quant_conv2d,1,3,15,0.9110000133514404,-0.000599980354309082,0.29007425904273987
447,2023/06/29 12:56:47,quant_conv2d,1,4,15,0.9114999771118164,-0.00010001659393310547,0.2897176146507263
448,2023/06/29 12:56:52,quant_conv2d,1,1,16,0.9107999801635742,-0.000800013542175293,0.289419949054718
449,2023/06/29 12:56:56,quant_conv2d,1,2,16,0.9117000102996826,0.00010001659393310547,0.2902265787124634
450,2023/06/29 12:57:01,quant_conv2d,1,3,16,0.9114000201225281,-0.00019997358322143555,0.2913404405117035
451,2023/06/29 12:57:06,quant_conv2d,1,4,16,0.9117000102996826,0.00010001659393310547,0.29140904545783997
452,2023/06/29 12:57:10,quant_conv2d,1,1,17,0.9103000164031982,-0.0012999773025512695,0.29304102063179016
453,2023/06/29 12:57:15,quant_conv2d,1,2,17,0.9099000096321106,-0.001699984073638916,0.2942427694797516
454,2023/06/29 12:57:19,quant_conv2d,1,3,17,0.907800018787384,-0.0037999749183654785,0.2992461323738098
455,2023/06/29 12:57:24,quant_conv2d,1,4,17,0.9081000089645386,-0.0034999847412109375,0.3022383749485016
456,2023/06/29 12:57:28,quant_conv2d,1,1,18,0.9090999960899353,-0.002499997615814209,0.3069813847541809
457,2023/06/29 12:57:32,quant_conv2d,1,2,18,0.9071000218391418,-0.004499971866607666,0.3167395293712616
458,2023/06/29 12:57:36,quant_conv2d,1,3,18,0.9032999873161316,-0.00830000638961792,0.33051636815071106
459,2023/06/29 12:57:41,quant_conv2d,1,4,18,0.9018999934196472,-0.009700000286102295,0.34899356961250305
460,2023/06/29 12:57:45,quant_conv2d,1,1,19,0.9027000069618225,-0.008899986743927002,0.3550340533256531
461,2023/06/29 12:57:49,quant_conv2d,1,2,19,0.8910999894142151,-0.020500004291534424,0.4029673933982849
462,2023/06/29 12:57:54,quant_conv2d,1,3,19,0.8859000205993652,-0.025699973106384277,0.45965439081192017
463,2023/06/29 12:57:58,quant_conv2d,1,4,19,0.8748999834060669,-0.03670001029968262,0.5163756608963013
464,2023/06/29 12:58:02,quant_conv2d,1,1,20,0.8820000290870667,-0.02959996461868286,0.4449404180049896
465,2023/06/29 12:58:06,quant_conv2d,1,2,20,0.855400025844574,-0.05619996786117554,0.6175258755683899
466,2023/06/29 12:58:10,quant_conv2d,1,3,20,0.8338000178337097,-0.0777999758720398,0.7623308300971985
467,2023/06/29 12:58:15,quant_conv2d,1,4,20,0.8097000122070312,-0.10189998149871826,0.9084052443504333
468,2023/06/29 12:58:19,quant_conv2d,1,1,21,0.8266000151634216,-0.08499997854232788,0.8659727573394775
469,2023/06/29 12:58:23,quant_conv2d,1,2,21,0.7652000188827515,-0.14639997482299805,1.3729525804519653
470,2023/06/29 12:58:28,quant_conv2d,1,3,21,0.684499979019165,-0.22710001468658447,1.9778673648834229
471,2023/06/29 12:58:32,quant_conv2d,1,4,21,0.6377000212669373,-0.27389997243881226,2.420975685119629
472,2023/06/29 12:58:37,quant_conv2d,1,1,22,0.7167999744415283,-0.1948000192642212,2.138240337371826
473,2023/06/29 12:58:41,quant_conv2d,1,2,22,0.588100016117096,-0.32349997758865356,3.4700815677642822
474,2023/06/29 12:58:46,quant_conv2d,1,3,22,0.4902999997138977,-0.4212999939918518,4.7133941650390625
475,2023/06/29 12:58:50,quant_conv2d,1,4,22,0.423799991607666,-0.4878000020980835,5.5640645027160645
476,2023/06/29 12:58:55,quant_conv2d,1,1,23,0.6438000202178955,-0.267799973487854,3.215254068374634
477,2023/06/29 12:58:59,quant_conv2d,1,2,23,0.4666999876499176,-0.4449000060558319,5.475252151489258
478,2023/06/29 12:59:03,quant_conv2d,1,3,23,0.36149999499320984,-0.5500999987125397,6.996890544891357
479,2023/06/29 12:59:07,quant_conv2d,1,4,23,0.2996000051498413,-0.6119999885559082,8.05093002319336
480,2023/06/29 12:59:12,quant_conv2d,1,1,24,0.6031000018119812,-0.3084999918937683,4.03753137588501
481,2023/06/29 12:59:17,quant_conv2d,1,2,24,0.4108000099658966,-0.5007999837398529,6.609708786010742
482,2023/06/29 12:59:22,quant_conv2d,1,3,24,0.3239000141620636,-0.5876999795436859,8.087997436523438
483,2023/06/29 12:59:26,quant_conv2d,1,4,24,0.25600001215934753,-0.655599981546402,9.288965225219727
484,2023/06/29 12:59:30,quant_conv2d,1,1,25,0.5820000171661377,-0.3295999765396118,4.340160846710205
485,2023/06/29 12:59:35,quant_conv2d,1,2,25,0.4032999873161316,-0.5083000063896179,7.089099884033203
486,2023/06/29 12:59:39,quant_conv2d,1,3,25,0.2973000109195709,-0.6142999827861786,8.678725242614746
487,2023/06/29 12:59:44,quant_conv2d,1,4,25,0.2354000061750412,-0.6761999875307083,9.830455780029297
488,2023/06/29 12:59:49,quant_conv2d,1,1,26,0.573199987411499,-0.3384000062942505,4.539607524871826
489,2023/06/29 12:59:53,quant_conv2d,1,2,26,0.38929998874664307,-0.5223000049591064,7.353785037994385
490,2023/06/29 12:59:57,quant_conv2d,1,3,26,0.2896000146865845,-0.621999979019165,8.99573802947998
491,2023/06/29 13:00:02,quant_conv2d,1,4,26,0.22939999401569366,-0.6821999996900558,10.134017944335938
492,2023/06/29 13:00:06,quant_conv2d,1,1,27,0.5652999877929688,-0.34630000591278076,4.696234703063965
493,2023/06/29 13:00:10,quant_conv2d,1,2,27,0.38449999690055847,-0.527099996805191,7.317995548248291
494,2023/06/29 13:00:14,quant_conv2d,1,3,27,0.28839999437332153,-0.623199999332428,9.052765846252441
495,2023/06/29 13:00:19,quant_conv2d,1,4,27,0.22439999878406525,-0.6871999949216843,10.100515365600586
496,2023/06/29 13:00:23,quant_conv2d,1,1,28,0.5651000142097473,-0.3464999794960022,4.742640018463135
497,2023/06/29 13:00:28,quant_conv2d,1,2,28,0.38760000467300415,-0.5239999890327454,7.3332648277282715
498,2023/06/29 13:00:33,quant_conv2d,1,3,28,0.28450000286102295,-0.6270999908447266,9.108555793762207
499,2023/06/29 13:00:37,quant_conv2d,1,4,28,0.2312999963760376,-0.6802999973297119,10.012343406677246
500,2023/06/29 13:00:41,quant_conv2d,1,1,29,0.5691999793052673,-0.3424000144004822,4.717875003814697
501,2023/06/29 13:00:46,quant_conv2d,1,2,29,0.3935999870300293,-0.5180000066757202,7.370425224304199
502,2023/06/29 13:00:50,quant_conv2d,1,3,29,0.287200003862381,-0.6243999898433685,9.159786224365234
503,2023/06/29 13:00:55,quant_conv2d,1,4,29,0.22010000050067902,-0.6914999932050705,10.230870246887207
504,2023/06/29 13:00:59,quant_conv2d,1,1,30,0.5796999931335449,-0.3319000005722046,4.606068134307861
505,2023/06/29 13:01:04,quant_conv2d,1,2,30,0.3928999900817871,-0.5187000036239624,7.366438865661621
506,2023/06/29 13:01:08,quant_conv2d,1,3,30,0.2892000079154968,-0.6223999857902527,9.054274559020996
507,2023/06/29 13:01:13,quant_conv2d,1,4,30,0.2207999974489212,-0.6907999962568283,10.378886222839355
508,2023/06/29 13:01:17,quant_conv2d,1,1,31,0.5619000196456909,-0.3496999740600586,5.0440239906311035
509,2023/06/29 13:01:21,quant_conv2d,1,2,31,0.36899998784065247,-0.542600005865097,8.050019264221191
510,2023/06/29 13:01:26,quant_conv2d,1,3,31,0.2603999972343445,-0.651199996471405,9.825844764709473
511,2023/06/29 13:01:30,quant_conv2d,1,4,31,0.20340000092983246,-0.708199992775917,10.87473201751709
512,2023/06/29 13:01:34,quant_conv2d,1,1,0,0.9115999937057495,0.0,0.2891831398010254
513,2023/06/29 13:01:39,quant_conv2d,1,2,0,0.9115999937057495,0.0,0.2891831398010254
514,2023/06/29 13:01:43,quant_conv2d,1,3,0,0.9115999937057495,0.0,0.2891831398010254
515,2023/06/29 13:01:47,quant_conv2d,1,4,0,0.9115999937057495,0.0,0.2891831398010254
516,2023/06/29 13:01:52,quant_conv2d,1,1,1,0.9115999937057495,0.0,0.2891831398010254
517,2023/06/29 13:01:56,quant_conv2d,1,2,1,0.9115999937057495,0.0,0.2891831398010254
518,2023/06/29 13:02:00,quant_conv2d,1,3,1,0.9115999937057495,0.0,0.2891831398010254
519,2023/06/29 13:02:05,quant_conv2d,1,4,1,0.9115999937057495,0.0,0.2891872823238373
520,2023/06/29 13:02:09,quant_conv2d,1,1,2,0.9115999937057495,0.0,0.2891831398010254
521,2023/06/29 13:02:13,quant_conv2d,1,2,2,0.9115999937057495,0.0,0.289183109998703
522,2023/06/29 13:02:17,quant_conv2d,1,3,2,0.9115999937057495,0.0,0.2891831398010254
523,2023/06/29 13:02:21,quant_conv2d,1,4,2,0.9115999937057495,0.0,0.2891831398010254
524,2023/06/29 13:02:26,quant_conv2d,1,1,3,0.9115999937057495,0.0,0.2891831398010254
525,2023/06/29 13:02:30,quant_conv2d,1,2,3,0.9115999937057495,0.0,0.2891816794872284
526,2023/06/29 13:02:34,quant_conv2d,1,3,3,0.9115999937057495,0.0,0.28917306661605835
527,2023/06/29 13:02:38,quant_conv2d,1,4,3,0.9115999937057495,0.0,0.28918349742889404
528,2023/06/29 13:02:43,quant_conv2d,1,1,4,0.9115999937057495,0.0,0.2891834080219269
529,2023/06/29 13:02:47,quant_conv2d,1,2,4,0.9115999937057495,0.0,0.2891833782196045
530,2023/06/29 13:02:51,quant_conv2d,1,3,4,0.9115999937057495,0.0,0.2891885042190552
531,2023/06/29 13:02:56,quant_conv2d,1,4,4,0.9115999937057495,0.0,0.28918322920799255
532,2023/06/29 13:03:00,quant_conv2d,1,1,5,0.9115999937057495,0.0,0.2891712188720703
533,2023/06/29 13:03:05,quant_conv2d,1,2,5,0.9114999771118164,-0.00010001659393310547,0.28918084502220154
534,2023/06/29 13:03:09,quant_conv2d,1,3,5,0.9115999937057495,0.0,0.2891862094402313
535,2023/06/29 13:03:13,quant_conv2d,1,4,5,0.9115999937057495,0.0,0.28919488191604614
536,2023/06/29 13:03:17,quant_conv2d,1,1,6,0.9114999771118164,-0.00010001659393310547,0.2892100214958191
537,2023/06/29 13:03:22,quant_conv2d,1,2,6,0.9115999937057495,0.0,0.28917720913887024
538,2023/06/29 13:03:26,quant_conv2d,1,3,6,0.9115999937057495,0.0,0.2891779839992523
539,2023/06/29 13:03:31,quant_conv2d,1,4,6,0.9115999937057495,0.0,0.2891392111778259
540,2023/06/29 13:03:35,quant_conv2d,1,1,7,0.9115999937057495,0.0,0.28916439414024353
541,2023/06/29 13:03:39,quant_conv2d,1,2,7,0.9115999937057495,0.0,0.289236843585968
542,2023/06/29 13:03:44,quant_conv2d,1,3,7,0.9115999937057495,0.0,0.2892302870750427
543,2023/06/29 13:03:49,quant_conv2d,1,4,7,0.9115999937057495,0.0,0.2891943156719208
544,2023/06/29 13:03:53,quant_conv2d,1,1,8,0.9115999937057495,0.0,0.28919708728790283
545,2023/06/29 13:03:57,quant_conv2d,1,2,8,0.9115999937057495,0.0,0.28917428851127625
546,2023/06/29 13:04:02,quant_conv2d,1,3,8,0.9114999771118164,-0.00010001659393310547,0.2891899645328522
547,2023/06/29 13:04:06,quant_conv2d,1,4,8,0.9114999771118164,-0.00010001659393310547,0.28918585181236267
548,2023/06/29 13:04:10,quant_conv2d,1,1,9,0.9115999937057495,0.0,0.2891843914985657
549,2023/06/29 13:04:14,quant_conv2d,1,2,9,0.9117000102996826,0.00010001659393310547,0.2892064154148102
550,2023/06/29 13:04:18,quant_conv2d,1,3,9,0.9114999771118164,-0.00010001659393310547,0.2891300916671753
551,2023/06/29 13:04:23,quant_conv2d,1,4,9,0.9115999937057495,0.0,0.2892250120639801
552,2023/06/29 13:04:28,quant_conv2d,1,1,10,0.9114999771118164,-0.00010001659393310547,0.28914523124694824
553,2023/06/29 13:04:32,quant_conv2d,1,2,10,0.9115999937057495,0.0,0.28922972083091736
554,2023/06/29 13:04:37,quant_conv2d,1,3,10,0.9114999771118164,-0.00010001659393310547,0.28911182284355164
555,2023/06/29 13:04:42,quant_conv2d,1,4,10,0.9117000102996826,0.00010001659393310547,0.28918927907943726
556,2023/06/29 13:04:46,quant_conv2d,1,1,11,0.9117000102996826,0.00010001659393310547,0.2891003489494324
557,2023/06/29 13:04:50,quant_conv2d,1,2,11,0.9118000268936157,0.00020003318786621094,0.2893030643463135
558,2023/06/29 13:04:55,quant_conv2d,1,3,11,0.9114999771118164,-0.00010001659393310547,0.28910234570503235
559,2023/06/29 13:04:59,quant_conv2d,1,4,11,0.9115999937057495,0.0,0.2892185151576996
560,2023/06/29 13:05:04,quant_conv2d,1,1,12,0.9115999937057495,0.0,0.28920868039131165
561,2023/06/29 13:05:08,quant_conv2d,1,2,12,0.9114000201225281,-0.00019997358322143555,0.2892281115055084
562,2023/06/29 13:05:12,quant_conv2d,1,3,12,0.911899983882904,0.000299990177154541,0.2892819941043854
563,2023/06/29 13:05:17,quant_conv2d,1,4,12,0.9115999937057495,0.0,0.2891037166118622
564,2023/06/29 13:05:21,quant_conv2d,1,1,13,0.9114999771118164,-0.00010001659393310547,0.2891971468925476
565,2023/06/29 13:05:25,quant_conv2d,1,2,13,0.9117000102996826,0.00010001659393310547,0.2892211377620697
566,2023/06/29 13:05:30,quant_conv2d,1,3,13,0.9118000268936157,0.00020003318786621094,0.2890872359275818
567,2023/06/29 13:05:34,quant_conv2d,1,4,13,0.9118000268936157,0.00020003318786621094,0.28901341557502747
568,2023/06/29 13:05:38,quant_conv2d,1,1,14,0.911899983882904,0.000299990177154541,0.28909334540367126
569,2023/06/29 13:05:42,quant_conv2d,1,2,14,0.9121999740600586,0.000599980354309082,0.2891780138015747
570,2023/06/29 13:05:47,quant_conv2d,1,3,14,0.9114000201225281,-0.00019997358322143555,0.28908771276474
571,2023/06/29 13:05:51,quant_conv2d,1,4,14,0.9107000231742859,-0.000899970531463623,0.2893102169036865
572,2023/06/29 13:05:55,quant_conv2d,1,1,15,0.9114000201225281,-0.00019997358322143555,0.28944653272628784
573,2023/06/29 13:06:00,quant_conv2d,1,2,15,0.9128000140190125,0.0012000203132629395,0.2896210253238678
574,2023/06/29 13:06:04,quant_conv2d,1,3,15,0.911300003528595,-0.000299990177154541,0.28915685415267944
575,2023/06/29 13:06:08,quant_conv2d,1,4,15,0.9122999906539917,0.0006999969482421875,0.28937336802482605
576,2023/06/29 13:06:13,quant_conv2d,1,1,16,0.9110000133514404,-0.000599980354309082,0.2902880012989044
577,2023/06/29 13:06:17,quant_conv2d,1,2,16,0.9121999740600586,0.000599980354309082,0.2899914085865021
578,2023/06/29 13:06:21,quant_conv2d,1,3,16,0.9104999899864197,-0.001100003719329834,0.292307585477829
579,2023/06/29 13:06:25,quant_conv2d,1,4,16,0.9124000072479248,0.000800013542175293,0.29261314868927
580,2023/06/29 13:06:29,quant_conv2d,1,1,17,0.9103000164031982,-0.0012999773025512695,0.290935754776001
581,2023/06/29 13:06:33,quant_conv2d,1,2,17,0.9101999998092651,-0.001399993896484375,0.29635199904441833
582,2023/06/29 13:06:38,quant_conv2d,1,3,17,0.90829998254776,-0.003300011157989502,0.30059999227523804
583,2023/06/29 13:06:42,quant_conv2d,1,4,17,0.9088000059127808,-0.00279998779296875,0.3012828528881073
584,2023/06/29 13:06:46,quant_conv2d,1,1,18,0.9088000059127808,-0.00279998779296875,0.30472052097320557
585,2023/06/29 13:06:50,quant_conv2d,1,2,18,0.9042999744415283,-0.007300019264221191,0.3305147588253021
586,2023/06/29 13:06:55,quant_conv2d,1,3,18,0.9006999731063843,-0.010900020599365234,0.3480154275894165
587,2023/06/29 13:06:59,quant_conv2d,1,4,18,0.9003999829292297,-0.011200010776519775,0.3554140627384186
588,2023/06/29 13:07:03,quant_conv2d,1,1,19,0.9046000242233276,-0.006999969482421875,0.3441629707813263
589,2023/06/29 13:07:08,quant_conv2d,1,2,19,0.88919997215271,-0.02240002155303955,0.4019393026828766
590,2023/06/29 13:07:13,quant_conv2d,1,3,19,0.883400022983551,-0.028199970722198486,0.4622998535633087
591,2023/06/29 13:07:17,quant_conv2d,1,4,19,0.8737000226974487,-0.03789997100830078,0.5264949798583984
592,2023/06/29 13:07:21,quant_conv2d,1,1,20,0.8844000101089478,-0.027199983596801758,0.4449978470802307
593,2023/06/29 13:07:26,quant_conv2d,1,2,20,0.8600999712944031,-0.051500022411346436,0.5927063226699829
594,2023/06/29 13:07:30,quant_conv2d,1,3,20,0.8359000086784363,-0.07569998502731323,0.764410674571991
595,2023/06/29 13:07:34,quant_conv2d,1,4,20,0.8091999888420105,-0.10240000486373901,0.9419701099395752
596,2023/06/29 13:07:39,quant_conv2d,1,1,21,0.826200008392334,-0.08539998531341553,0.8920654058456421
597,2023/06/29 13:07:43,quant_conv2d,1,2,21,0.755299985408783,-0.15630000829696655,1.440089225769043
598,2023/06/29 13:07:47,quant_conv2d,1,3,21,0.6934999823570251,-0.21810001134872437,1.9113242626190186
599,2023/06/29 13:07:52,quant_conv2d,1,4,21,0.6396999955177307,-0.2718999981880188,2.4695303440093994
600,2023/06/29 13:07:56,quant_conv2d,1,1,22,0.7092999815940857,-0.20230001211166382,2.16534686088562
601,2023/06/29 13:08:01,quant_conv2d,1,2,22,0.5814999938011169,-0.33009999990463257,3.5528929233551025
602,2023/06/29 13:08:05,quant_conv2d,1,3,22,0.47699999809265137,-0.43459999561309814,4.731659889221191
603,2023/06/29 13:08:10,quant_conv2d,1,4,22,0.41769999265670776,-0.49390000104904175,5.601940631866455
604,2023/06/29 13:08:14,quant_conv2d,1,1,23,0.6359000205993652,-0.2756999731063843,3.333643674850464
605,2023/06/29 13:08:19,quant_conv2d,1,2,23,0.4691999852657318,-0.4424000084400177,5.4732279777526855
606,2023/06/29 13:08:23,quant_conv2d,1,3,23,0.36230000853538513,-0.5492999851703644,7.009060859680176
607,2023/06/29 13:08:27,quant_conv2d,1,4,23,0.299699991941452,-0.6119000017642975,8.097169876098633
608,2023/06/29 13:08:32,quant_conv2d,1,1,24,0.588100016117096,-0.32349997758865356,4.112369537353516
609,2023/06/29 13:08:36,quant_conv2d,1,2,24,0.42340001463890076,-0.48819997906684875,6.39418888092041
610,2023/06/29 13:08:40,quant_conv2d,1,3,24,0.3255000114440918,-0.5860999822616577,8.081727981567383
611,2023/06/29 13:08:44,quant_conv2d,1,4,24,0.2529999911785126,-0.6586000025272369,9.214993476867676
612,2023/06/29 13:08:49,quant_conv2d,1,1,25,0.5823000073432922,-0.3292999863624573,4.397848129272461
613,2023/06/29 13:08:53,quant_conv2d,1,2,25,0.4034999907016754,-0.5081000030040741,7.0325927734375
614,2023/06/29 13:08:58,quant_conv2d,1,3,25,0.29829999804496765,-0.6132999956607819,8.781951904296875
615,2023/06/29 13:09:02,quant_conv2d,1,4,25,0.24040000140666962,-0.6711999922990799,9.871354103088379
616,2023/06/29 13:09:06,quant_conv2d,1,1,26,0.586899995803833,-0.3246999979019165,4.505430221557617
617,2023/06/29 13:09:11,quant_conv2d,1,2,26,0.3953999876976013,-0.5162000060081482,7.193390846252441
618,2023/06/29 13:09:15,quant_conv2d,1,3,26,0.29649999737739563,-0.6150999963283539,8.977421760559082
619,2023/06/29 13:09:20,quant_conv2d,1,4,26,0.22849999368190765,-0.6831000000238419,10.180035591125488
620,2023/06/29 13:09:24,quant_conv2d,1,1,27,0.5662000179290771,-0.34539997577667236,4.657008647918701
621,2023/06/29 13:09:28,quant_conv2d,1,2,27,0.38499999046325684,-0.5266000032424927,7.436360836029053
622,2023/06/29 13:09:32,quant_conv2d,1,3,27,0.2863999903202057,-0.6252000033855438,9.070067405700684
623,2023/06/29 13:09:37,quant_conv2d,1,4,27,0.2223999947309494,-0.6891999989748001,10.205328941345215
624,2023/06/29 13:09:41,quant_conv2d,1,1,28,0.5724999904632568,-0.3391000032424927,4.725451469421387
625,2023/06/29 13:09:45,quant_conv2d,1,2,28,0.39430001378059387,-0.5172999799251556,7.30530309677124
626,2023/06/29 13:09:50,quant_conv2d,1,3,28,0.2912999987602234,-0.6202999949455261,9.003722190856934
627,2023/06/29 13:09:56,quant_conv2d,1,4,28,0.22419999539852142,-0.6873999983072281,10.215696334838867
628,2023/06/29 13:10:01,quant_conv2d,1,1,29,0.5717999935150146,-0.33980000019073486,4.629735469818115
629,2023/06/29 13:10:06,quant_conv2d,1,2,29,0.39239999651908875,-0.5191999971866608,7.300235271453857
630,2023/06/29 13:10:11,quant_conv2d,1,3,29,0.28299999237060547,-0.628600001335144,9.198768615722656
631,2023/06/29 13:10:17,quant_conv2d,1,4,29,0.22509999573230743,-0.6864999979734421,10.256589889526367
632,2023/06/29 13:10:22,quant_conv2d,1,1,30,0.5685999989509583,-0.34299999475479126,4.802719593048096
633,2023/06/29 13:10:26,quant_conv2d,1,2,30,0.3939000070095062,-0.5176999866962433,7.319427490234375
634,2023/06/29 13:10:31,quant_conv2d,1,3,30,0.2816999852657318,-0.6299000084400177,9.1268892288208
635,2023/06/29 13:10:36,quant_conv2d,1,4,30,0.2273000031709671,-0.6842999905347824,10.197999954223633
636,2023/06/29 13:10:39,quant_conv2d,1,1,31,0.5514000058174133,-0.3601999878883362,5.1333794593811035
637,2023/06/29 13:10:44,quant_conv2d,1,2,31,0.37369999289512634,-0.5379000008106232,8.021495819091797
638,2023/06/29 13:10:48,quant_conv2d,1,3,31,0.26269999146461487,-0.6489000022411346,9.719353675842285
639,2023/06/29 13:10:53,quant_conv2d,1,4,31,0.20440000295639038,-0.7071999907493591,10.88801383972168
