,reference,layer_key,kernel_index,n_bits_flipped,bit_disrupted,q_aware_test_accuracy,q_aware_test_acc_degradation,q_aware_test_loss
,original,,,,,0.9114999771118164,,0.2890910804271698
,new reference,,,,,0.9116,,0.2891834
0,2023/06/16 12:38:45,quant_conv2d,1,1,0,0.9116,0.0,0.2891834
1,2023/06/16 12:38:48,quant_conv2d,1,2,0,0.9116,0.0,0.2891834
2,2023/06/16 12:38:51,quant_conv2d,1,3,0,0.9116,0.0,0.28918892
3,2023/06/16 12:38:54,quant_conv2d,1,4,0,0.9116,0.0,0.2891834
4,2023/06/16 12:38:58,quant_conv2d,1,1,1,0.9116,0.0,0.2891834
5,2023/06/16 12:39:01,quant_conv2d,1,2,1,0.9116,0.0,0.28918344
6,2023/06/16 12:39:04,quant_conv2d,1,3,1,0.9116,0.0,0.28918365
7,2023/06/16 12:39:07,quant_conv2d,1,4,1,0.9116,0.0,0.28918192
8,2023/06/16 12:39:11,quant_conv2d,1,1,2,0.9116,0.0,0.2891834
9,2023/06/16 12:39:14,quant_conv2d,1,2,2,0.9116,0.0,0.28918305
10,2023/06/16 12:39:17,quant_conv2d,1,3,2,0.9116,0.0,0.2891834
11,2023/06/16 12:39:20,quant_conv2d,1,4,2,0.9116,0.0,0.28918335
12,2023/06/16 12:39:23,quant_conv2d,1,1,3,0.9116,0.0,0.28918368
13,2023/06/16 12:39:27,quant_conv2d,1,2,3,0.9116,0.0,0.28918555
14,2023/06/16 12:39:30,quant_conv2d,1,3,3,0.9116,0.0,0.28918216
15,2023/06/16 12:39:33,quant_conv2d,1,4,3,0.9116,0.0,0.2891753
16,2023/06/16 12:39:36,quant_conv2d,1,1,4,0.9116,0.0,0.28918344
17,2023/06/16 12:39:40,quant_conv2d,1,2,4,0.9116,0.0,0.28918377
18,2023/06/16 12:39:43,quant_conv2d,1,3,4,0.9116,0.0,0.28918353
19,2023/06/16 12:39:46,quant_conv2d,1,4,4,0.9116,0.0,0.28918388
20,2023/06/16 12:39:49,quant_conv2d,1,1,5,0.9116,0.0,0.28918
21,2023/06/16 12:39:52,quant_conv2d,1,2,5,0.9115,-9.999999999998899e-05,0.28918716
22,2023/06/16 12:39:56,quant_conv2d,1,3,5,0.9116,0.0,0.28920937
23,2023/06/16 12:39:59,quant_conv2d,1,4,5,0.9117,9.999999999998899e-05,0.2891857
24,2023/06/16 12:40:02,quant_conv2d,1,1,6,0.9116,0.0,0.28920576
25,2023/06/16 12:40:05,quant_conv2d,1,2,6,0.9116,0.0,0.2891548
26,2023/06/16 12:40:09,quant_conv2d,1,3,6,0.9116,0.0,0.28916895
27,2023/06/16 12:40:12,quant_conv2d,1,4,6,0.9117,9.999999999998899e-05,0.28919548
28,2023/06/16 12:40:15,quant_conv2d,1,1,7,0.9116,0.0,0.28915682
29,2023/06/16 12:40:18,quant_conv2d,1,2,7,0.9116,0.0,0.2891334
30,2023/06/16 12:40:22,quant_conv2d,1,3,7,0.9115,-9.999999999998899e-05,0.2891771
31,2023/06/16 12:40:26,quant_conv2d,1,4,7,0.9116,0.0,0.28919894
32,2023/06/16 12:40:30,quant_conv2d,1,1,8,0.9116,0.0,0.28922755
33,2023/06/16 12:40:34,quant_conv2d,1,2,8,0.9116,0.0,0.2891389
34,2023/06/16 12:40:38,quant_conv2d,1,3,8,0.9116,0.0,0.28910875
35,2023/06/16 12:40:42,quant_conv2d,1,4,8,0.9116,0.0,0.28925234
36,2023/06/16 12:40:45,quant_conv2d,1,1,9,0.9116,0.0,0.2891992
37,2023/06/16 12:40:48,quant_conv2d,1,2,9,0.9116,0.0,0.28914985
38,2023/06/16 12:40:52,quant_conv2d,1,3,9,0.9115,-9.999999999998899e-05,0.28918633
39,2023/06/16 12:40:57,quant_conv2d,1,4,9,0.9117,9.999999999998899e-05,0.28913435
40,2023/06/16 12:41:01,quant_conv2d,1,1,10,0.9115,-9.999999999998899e-05,0.28919166
41,2023/06/16 12:41:04,quant_conv2d,1,2,10,0.9115,-9.999999999998899e-05,0.2891657
42,2023/06/16 12:41:08,quant_conv2d,1,3,10,0.9117,9.999999999998899e-05,0.28922468
43,2023/06/16 12:41:12,quant_conv2d,1,4,10,0.9113,-0.00029999999999996696,0.2891845
44,2023/06/16 12:41:15,quant_conv2d,1,1,11,0.9116,0.0,0.28917977
45,2023/06/16 12:41:20,quant_conv2d,1,2,11,0.9119,0.000300000000000078,0.28911644
46,2023/06/16 12:41:23,quant_conv2d,1,3,11,0.9115,-9.999999999998899e-05,0.2890627
47,2023/06/16 12:41:27,quant_conv2d,1,4,11,0.9119,0.000300000000000078,0.28907177
48,2023/06/16 12:41:30,quant_conv2d,1,1,12,0.9118,0.000200000000000089,0.2891745
49,2023/06/16 12:41:34,quant_conv2d,1,2,12,0.9113,-0.00029999999999996696,0.28934935
50,2023/06/16 12:41:37,quant_conv2d,1,3,12,0.912,0.00040000000000006697,0.2892682
51,2023/06/16 12:41:41,quant_conv2d,1,4,12,0.912,0.00040000000000006697,0.28926364
52,2023/06/16 12:41:44,quant_conv2d,1,1,13,0.9116,0.0,0.28923023
53,2023/06/16 12:41:48,quant_conv2d,1,2,13,0.9121,0.000500000000000056,0.28930807
54,2023/06/16 12:41:51,quant_conv2d,1,3,13,0.9124,0.0008000000000000229,0.289242
55,2023/06/16 12:41:55,quant_conv2d,1,4,13,0.9119,0.000300000000000078,0.28939787
56,2023/06/16 12:41:58,quant_conv2d,1,1,14,0.912,0.00040000000000006697,0.28922257
57,2023/06/16 12:42:02,quant_conv2d,1,2,14,0.9111,-0.0004999999999999449,0.2893641
58,2023/06/16 12:42:06,quant_conv2d,1,3,14,0.912,0.00040000000000006697,0.28892022
59,2023/06/16 12:42:09,quant_conv2d,1,4,14,0.9116,0.0,0.28953052
60,2023/06/16 12:42:13,quant_conv2d,1,1,15,0.912,0.00040000000000006697,0.28955975
61,2023/06/16 12:42:16,quant_conv2d,1,2,15,0.9121,0.000500000000000056,0.28966105
62,2023/06/16 12:42:20,quant_conv2d,1,3,15,0.9116,0.0,0.28961283
63,2023/06/16 12:42:23,quant_conv2d,1,4,15,0.9123,0.0007000000000000339,0.29024345
64,2023/06/16 12:42:27,quant_conv2d,1,1,16,0.9119,0.000300000000000078,0.2901234
65,2023/06/16 12:42:30,quant_conv2d,1,2,16,0.912,0.00040000000000006697,0.28996196
66,2023/06/16 12:42:34,quant_conv2d,1,3,16,0.9109,-0.0006999999999999229,0.29073563
67,2023/06/16 12:42:37,quant_conv2d,1,4,16,0.9109,-0.0006999999999999229,0.29309228
68,2023/06/16 12:42:40,quant_conv2d,1,1,17,0.9109,-0.0006999999999999229,0.2908697
69,2023/06/16 12:42:44,quant_conv2d,1,2,17,0.9116,0.0,0.29468563
70,2023/06/16 12:42:47,quant_conv2d,1,3,17,0.91,-0.0015999999999999348,0.30150014
71,2023/06/16 12:42:51,quant_conv2d,1,4,17,0.9085,-0.0030999999999999917,0.30140895
72,2023/06/16 12:42:54,quant_conv2d,1,1,18,0.9084,-0.0031999999999999806,0.30873585
73,2023/06/16 12:42:58,quant_conv2d,1,2,18,0.9055,-0.006099999999999994,0.3202315
74,2023/06/16 12:43:01,quant_conv2d,1,3,18,0.9031,-0.008499999999999952,0.33478892
75,2023/06/16 12:43:05,quant_conv2d,1,4,18,0.8961,-0.015499999999999958,0.36057016
76,2023/06/16 12:43:09,quant_conv2d,1,1,19,0.8996,-0.01200000000000001,0.35187837
77,2023/06/16 12:43:12,quant_conv2d,1,2,19,0.891,-0.02059999999999995,0.42294237
78,2023/06/16 12:43:15,quant_conv2d,1,3,19,0.8851,-0.026499999999999968,0.4547296
79,2023/06/16 12:43:19,quant_conv2d,1,4,19,0.8738,-0.037799999999999945,0.5042602
80,2023/06/16 12:43:22,quant_conv2d,1,1,20,0.8822,-0.02939999999999998,0.4518249
81,2023/06/16 12:43:26,quant_conv2d,1,2,20,0.8602,-0.0514,0.59315777
82,2023/06/16 12:43:29,quant_conv2d,1,3,20,0.8311,-0.08050000000000002,0.7568936
83,2023/06/16 12:43:33,quant_conv2d,1,4,20,0.8053,-0.10629999999999995,0.92549825
84,2023/06/16 12:43:37,quant_conv2d,1,1,21,0.8261,-0.08550000000000002,0.87614924
85,2023/06/16 12:43:40,quant_conv2d,1,2,21,0.7587,-0.15289999999999992,1.3807899
86,2023/06/16 12:43:44,quant_conv2d,1,3,21,0.6832,-0.22839999999999994,1.9656965
87,2023/06/16 12:43:47,quant_conv2d,1,4,21,0.6386,-0.273,2.3795798
88,2023/06/16 12:43:51,quant_conv2d,1,1,22,0.7196,-0.19199999999999995,1.990831
89,2023/06/16 12:43:54,quant_conv2d,1,2,22,0.5758,-0.3358,3.4004078
90,2023/06/16 12:43:58,quant_conv2d,1,3,22,0.4856,-0.426,4.4491153
91,2023/06/16 12:44:01,quant_conv2d,1,4,22,0.415,-0.4966,5.228482
92,2023/06/16 12:44:05,quant_conv2d,1,1,23,0.6373,-0.2743,3.1615767
93,2023/06/16 12:44:08,quant_conv2d,1,2,23,0.4653,-0.4463,5.0971227
94,2023/06/16 12:44:12,quant_conv2d,1,3,23,0.36,-0.5516,6.442781
95,2023/06/16 12:44:15,quant_conv2d,1,4,23,0.309,-0.6026,7.238121
96,2023/06/16 12:44:19,quant_conv2d,1,1,24,0.5937,-0.31789999999999996,3.7686195
97,2023/06/16 12:44:22,quant_conv2d,1,2,24,0.4181,-0.49349999999999994,5.9742327
98,2023/06/16 12:44:26,quant_conv2d,1,3,24,0.3233,-0.5883,7.2466455
99,2023/06/16 12:44:30,quant_conv2d,1,4,24,0.2541,-0.6575,8.32312
100,2023/06/16 12:44:33,quant_conv2d,1,1,25,0.5771,-0.3345,3.9613366
101,2023/06/16 12:44:37,quant_conv2d,1,2,25,0.4096,-0.502,6.2703266
102,2023/06/16 12:44:40,quant_conv2d,1,3,25,0.2984,-0.6132,7.804314
103,2023/06/16 12:44:44,quant_conv2d,1,4,25,0.2398,-0.6718,8.7511015
104,2023/06/16 12:44:47,quant_conv2d,1,1,26,0.5694,-0.34219999999999995,4.191646
105,2023/06/16 12:44:51,quant_conv2d,1,2,26,0.3903,-0.5213,6.505816
106,2023/06/16 12:44:54,quant_conv2d,1,3,26,0.2962,-0.6154,7.8787627
107,2023/06/16 12:44:58,quant_conv2d,1,4,26,0.2276,-0.6839999999999999,8.9098015
108,2023/06/16 12:45:02,quant_conv2d,1,1,27,0.5745,-0.33709999999999996,4.182966
109,2023/06/16 12:45:06,quant_conv2d,1,2,27,0.3884,-0.5231999999999999,6.579425
110,2023/06/16 12:45:10,quant_conv2d,1,3,27,0.2864,-0.6252,8.081018
111,2023/06/16 12:45:13,quant_conv2d,1,4,27,0.2306,-0.6809999999999999,9.002939
112,2023/06/16 12:45:17,quant_conv2d,1,1,28,0.5698,-0.3418,4.184368
113,2023/06/16 12:45:20,quant_conv2d,1,2,28,0.3838,-0.5278,6.692669
114,2023/06/16 12:45:24,quant_conv2d,1,3,28,0.287,-0.6246,8.084107
115,2023/06/16 12:45:27,quant_conv2d,1,4,28,0.2265,-0.6850999999999999,9.047161
116,2023/06/16 12:45:31,quant_conv2d,1,1,29,0.58,-0.3316,4.179101
117,2023/06/16 12:45:35,quant_conv2d,1,2,29,0.3892,-0.5224,6.5780764
118,2023/06/16 12:45:38,quant_conv2d,1,3,29,0.2765,-0.6351,8.144417
119,2023/06/16 12:45:42,quant_conv2d,1,4,29,0.2281,-0.6835,8.996476
120,2023/06/16 12:45:45,quant_conv2d,1,1,30,0.5779,-0.3337,4.1797147
121,2023/06/16 12:45:49,quant_conv2d,1,2,30,0.3922,-0.5194,6.5821915
122,2023/06/16 12:45:52,quant_conv2d,1,3,30,0.2822,-0.6294,8.121453
123,2023/06/16 12:45:56,quant_conv2d,1,4,30,0.2177,-0.6939,9.147706
124,2023/06/16 12:45:59,quant_conv2d,1,1,31,0.5496,-0.362,4.608766
125,2023/06/16 12:46:03,quant_conv2d,1,2,31,0.3659,-0.5457,7.155976
126,2023/06/16 12:46:06,quant_conv2d,1,3,31,0.2677,-0.6438999999999999,8.525803
127,2023/06/16 12:46:10,quant_conv2d,1,4,31,0.2035,-0.7081,9.567318
128,2023/06/16 12:46:13,quant_conv2d,1,1,0,0.9116,0.0,0.2891834
129,2023/06/16 12:46:16,quant_conv2d,1,2,0,0.9116,0.0,0.2891834
130,2023/06/16 12:46:20,quant_conv2d,1,3,0,0.9116,0.0,0.2891834
131,2023/06/16 12:46:24,quant_conv2d,1,4,0,0.9116,0.0,0.2891834
132,2023/06/16 12:46:27,quant_conv2d,1,1,1,0.9116,0.0,0.2891834
133,2023/06/16 12:46:31,quant_conv2d,1,2,1,0.9116,0.0,0.2891834
134,2023/06/16 12:46:34,quant_conv2d,1,3,1,0.9116,0.0,0.2891834
135,2023/06/16 12:46:38,quant_conv2d,1,4,1,0.9116,0.0,0.2891834
136,2023/06/16 12:46:41,quant_conv2d,1,1,2,0.9116,0.0,0.2891834
137,2023/06/16 12:46:45,quant_conv2d,1,2,2,0.9116,0.0,0.28919345
138,2023/06/16 12:46:48,quant_conv2d,1,3,2,0.9116,0.0,0.28918478
139,2023/06/16 12:46:52,quant_conv2d,1,4,2,0.9116,0.0,0.28918394
140,2023/06/16 12:46:55,quant_conv2d,1,1,3,0.9116,0.0,0.28918365
141,2023/06/16 12:46:59,quant_conv2d,1,2,3,0.9116,0.0,0.2891833
142,2023/06/16 12:47:02,quant_conv2d,1,3,3,0.9116,0.0,0.28918764
143,2023/06/16 12:47:06,quant_conv2d,1,4,3,0.9116,0.0,0.28918347
144,2023/06/16 12:47:09,quant_conv2d,1,1,4,0.9116,0.0,0.28918988
145,2023/06/16 12:47:13,quant_conv2d,1,2,4,0.9116,0.0,0.2891914
146,2023/06/16 12:47:16,quant_conv2d,1,3,4,0.9116,0.0,0.28918907
147,2023/06/16 12:47:20,quant_conv2d,1,4,4,0.9116,0.0,0.28918555
148,2023/06/16 12:47:23,quant_conv2d,1,1,5,0.9116,0.0,0.2891687
149,2023/06/16 12:47:27,quant_conv2d,1,2,5,0.9116,0.0,0.28916088
150,2023/06/16 12:47:30,quant_conv2d,1,3,5,0.9116,0.0,0.28915578
151,2023/06/16 12:47:34,quant_conv2d,1,4,5,0.9116,0.0,0.2891845
152,2023/06/16 12:47:37,quant_conv2d,1,1,6,0.9116,0.0,0.2891841
153,2023/06/16 12:47:41,quant_conv2d,1,2,6,0.9117,9.999999999998899e-05,0.2892
154,2023/06/16 12:47:44,quant_conv2d,1,3,6,0.9117,9.999999999998899e-05,0.28918085
155,2023/06/16 12:47:48,quant_conv2d,1,4,6,0.9116,0.0,0.2891605
156,2023/06/16 12:47:51,quant_conv2d,1,1,7,0.9116,0.0,0.2891937
157,2023/06/16 12:47:55,quant_conv2d,1,2,7,0.9116,0.0,0.28916222
158,2023/06/16 12:47:59,quant_conv2d,1,3,7,0.9116,0.0,0.28918156
159,2023/06/16 12:48:02,quant_conv2d,1,4,7,0.9117,9.999999999998899e-05,0.28914922
160,2023/06/16 12:48:06,quant_conv2d,1,1,8,0.9116,0.0,0.28918177
161,2023/06/16 12:48:09,quant_conv2d,1,2,8,0.9117,9.999999999998899e-05,0.28921026
162,2023/06/16 12:48:13,quant_conv2d,1,3,8,0.9119,0.000300000000000078,0.28920332
163,2023/06/16 12:48:17,quant_conv2d,1,4,8,0.9118,0.000200000000000089,0.28915074
164,2023/06/16 12:48:20,quant_conv2d,1,1,9,0.9116,0.0,0.28918073
165,2023/06/16 12:48:24,quant_conv2d,1,2,9,0.9117,9.999999999998899e-05,0.28915116
166,2023/06/16 12:48:28,quant_conv2d,1,3,9,0.9116,0.0,0.2892167
167,2023/06/16 12:48:31,quant_conv2d,1,4,9,0.9116,0.0,0.2891835
168,2023/06/16 12:48:35,quant_conv2d,1,1,10,0.9116,0.0,0.2891639
169,2023/06/16 12:48:38,quant_conv2d,1,2,10,0.9116,0.0,0.2891278
170,2023/06/16 12:48:42,quant_conv2d,1,3,10,0.9116,0.0,0.2891721
171,2023/06/16 12:48:45,quant_conv2d,1,4,10,0.9114,-0.00019999999999997797,0.2891529
172,2023/06/16 12:48:49,quant_conv2d,1,1,11,0.9118,0.000200000000000089,0.28912628
173,2023/06/16 12:48:52,quant_conv2d,1,2,11,0.9117,9.999999999998899e-05,0.28910533
174,2023/06/16 12:48:56,quant_conv2d,1,3,11,0.912,0.00040000000000006697,0.28923568
175,2023/06/16 12:48:59,quant_conv2d,1,4,11,0.9116,0.0,0.28922018
176,2023/06/16 12:49:03,quant_conv2d,1,1,12,0.912,0.00040000000000006697,0.28914487
177,2023/06/16 12:49:06,quant_conv2d,1,2,12,0.9117,9.999999999998899e-05,0.28909844
178,2023/06/16 12:49:10,quant_conv2d,1,3,12,0.9118,0.000200000000000089,0.28906623
179,2023/06/16 12:49:13,quant_conv2d,1,4,12,0.9119,0.000300000000000078,0.2891741
180,2023/06/16 12:49:17,quant_conv2d,1,1,13,0.9119,0.000300000000000078,0.2892044
181,2023/06/16 12:49:20,quant_conv2d,1,2,13,0.9115,-9.999999999998899e-05,0.28907752
182,2023/06/16 12:49:24,quant_conv2d,1,3,13,0.9117,9.999999999998899e-05,0.28925213
183,2023/06/16 12:49:27,quant_conv2d,1,4,13,0.9119,0.000300000000000078,0.28928706
184,2023/06/16 12:49:31,quant_conv2d,1,1,14,0.9116,0.0,0.28914765
185,2023/06/16 12:49:35,quant_conv2d,1,2,14,0.9123,0.0007000000000000339,0.28905302
186,2023/06/16 12:49:38,quant_conv2d,1,3,14,0.9113,-0.00029999999999996696,0.28902867
187,2023/06/16 12:49:42,quant_conv2d,1,4,14,0.9116,0.0,0.2894961
188,2023/06/16 12:49:45,quant_conv2d,1,1,15,0.9119,0.000300000000000078,0.28949732
189,2023/06/16 12:49:49,quant_conv2d,1,2,15,0.9118,0.000200000000000089,0.289365
190,2023/06/16 12:49:53,quant_conv2d,1,3,15,0.9118,0.000200000000000089,0.28893617
191,2023/06/16 12:49:56,quant_conv2d,1,4,15,0.9119,0.000300000000000078,0.2895766
192,2023/06/16 12:49:59,quant_conv2d,1,1,16,0.9113,-0.00029999999999996696,0.2902311
193,2023/06/16 12:50:03,quant_conv2d,1,2,16,0.9111,-0.0004999999999999449,0.28966206
194,2023/06/16 12:50:07,quant_conv2d,1,3,16,0.9105,-0.0010999999999999899,0.29040244
195,2023/06/16 12:50:10,quant_conv2d,1,4,16,0.911,-0.0005999999999999339,0.29054767
196,2023/06/16 12:50:14,quant_conv2d,1,1,17,0.9107,-0.0009000000000000119,0.29356518
197,2023/06/16 12:50:17,quant_conv2d,1,2,17,0.9099,-0.0016999999999999238,0.29630902
198,2023/06/16 12:50:20,quant_conv2d,1,3,17,0.9092,-0.0023999999999999577,0.2949847
199,2023/06/16 12:50:24,quant_conv2d,1,4,17,0.9096,-0.0020000000000000018,0.30028528
200,2023/06/16 12:50:27,quant_conv2d,1,1,18,0.9086,-0.0030000000000000027,0.30235738
201,2023/06/16 12:50:31,quant_conv2d,1,2,18,0.9035,-0.008099999999999996,0.32990527
202,2023/06/16 12:50:35,quant_conv2d,1,3,18,0.9004,-0.011199999999999988,0.33832926
203,2023/06/16 12:50:39,quant_conv2d,1,4,18,0.8984,-0.01319999999999999,0.3551616
204,2023/06/16 12:50:42,quant_conv2d,1,1,19,0.9013,-0.010299999999999976,0.3452209
205,2023/06/16 12:50:46,quant_conv2d,1,2,19,0.8905,-0.021100000000000008,0.40445346
206,2023/06/16 12:50:50,quant_conv2d,1,3,19,0.8823,-0.029299999999999993,0.46250185
207,2023/06/16 12:50:53,quant_conv2d,1,4,19,0.8694,-0.042200000000000015,0.5538951
208,2023/06/16 12:50:57,quant_conv2d,1,1,20,0.8815,-0.030100000000000016,0.46038258
209,2023/06/16 12:51:00,quant_conv2d,1,2,20,0.8583,-0.053300000000000014,0.61443424
210,2023/06/16 12:51:04,quant_conv2d,1,3,20,0.8334,-0.07819999999999994,0.75844073
211,2023/06/16 12:51:08,quant_conv2d,1,4,20,0.8141,-0.09749999999999992,0.89908975
212,2023/06/16 12:51:12,quant_conv2d,1,1,21,0.8245,-0.08709999999999996,0.83450216
213,2023/06/16 12:51:15,quant_conv2d,1,2,21,0.7577,-0.15389999999999993,1.3714424
214,2023/06/16 12:51:19,quant_conv2d,1,3,21,0.6911,-0.22049999999999992,1.9390422
215,2023/06/16 12:51:22,quant_conv2d,1,4,21,0.6409,-0.27069999999999994,2.3703375
216,2023/06/16 12:51:26,quant_conv2d,1,1,22,0.724,-0.1876,1.936259
217,2023/06/16 12:51:29,quant_conv2d,1,2,22,0.5872,-0.3243999999999999,3.3520977
218,2023/06/16 12:51:33,quant_conv2d,1,3,22,0.4876,-0.424,4.442438
219,2023/06/16 12:51:37,quant_conv2d,1,4,22,0.4225,-0.4891,5.2261963
220,2023/06/16 12:51:40,quant_conv2d,1,1,23,0.6305,-0.2811,3.1746004
221,2023/06/16 12:51:44,quant_conv2d,1,2,23,0.4798,-0.43179999999999996,4.954087
222,2023/06/16 12:51:48,quant_conv2d,1,3,23,0.3681,-0.5435,6.252216
223,2023/06/16 12:51:51,quant_conv2d,1,4,23,0.3075,-0.6041,7.2058234
224,2023/06/16 12:51:55,quant_conv2d,1,1,24,0.6022,-0.3094,3.7305515
225,2023/06/16 12:51:58,quant_conv2d,1,2,24,0.4314,-0.48019999999999996,5.8382993
226,2023/06/16 12:52:02,quant_conv2d,1,3,24,0.3122,-0.5993999999999999,7.4360695
227,2023/06/16 12:52:06,quant_conv2d,1,4,24,0.2557,-0.6558999999999999,8.323201
228,2023/06/16 12:52:09,quant_conv2d,1,1,25,0.5818,-0.3298,4.037839
229,2023/06/16 12:52:12,quant_conv2d,1,2,25,0.3933,-0.5183,6.451847
230,2023/06/16 12:52:16,quant_conv2d,1,3,25,0.2999,-0.6116999999999999,7.7663174
231,2023/06/16 12:52:19,quant_conv2d,1,4,25,0.2332,-0.6784,8.77477
232,2023/06/16 12:52:23,quant_conv2d,1,1,26,0.566,-0.3456,4.272775
233,2023/06/16 12:52:26,quant_conv2d,1,2,26,0.3905,-0.5210999999999999,6.5542955
234,2023/06/16 12:52:30,quant_conv2d,1,3,26,0.2875,-0.6241,7.9963603
235,2023/06/16 12:52:33,quant_conv2d,1,4,26,0.2289,-0.6827,8.911829
236,2023/06/16 12:52:37,quant_conv2d,1,1,27,0.5755,-0.33609999999999995,4.1268797
237,2023/06/16 12:52:40,quant_conv2d,1,2,27,0.3965,-0.5150999999999999,6.5102572
238,2023/06/16 12:52:44,quant_conv2d,1,3,27,0.2819,-0.6296999999999999,8.097365
239,2023/06/16 12:52:47,quant_conv2d,1,4,27,0.2192,-0.6923999999999999,9.035589
240,2023/06/16 12:52:51,quant_conv2d,1,1,28,0.576,-0.3356,4.194041
241,2023/06/16 12:52:54,quant_conv2d,1,2,28,0.3914,-0.5202,6.516594
242,2023/06/16 12:52:58,quant_conv2d,1,3,28,0.2847,-0.6269,8.110112
243,2023/06/16 12:53:02,quant_conv2d,1,4,28,0.2296,-0.6819999999999999,8.942922
244,2023/06/16 12:53:05,quant_conv2d,1,1,29,0.5698,-0.3418,4.2178
245,2023/06/16 12:53:09,quant_conv2d,1,2,29,0.3842,-0.5274,6.738121
246,2023/06/16 12:53:12,quant_conv2d,1,3,29,0.2828,-0.6288,8.1100235
247,2023/06/16 12:53:16,quant_conv2d,1,4,29,0.2226,-0.689,9.064943
248,2023/06/16 12:53:20,quant_conv2d,1,1,30,0.5679,-0.3437,4.271766
249,2023/06/16 12:53:23,quant_conv2d,1,2,30,0.3941,-0.5175,6.6265283
250,2023/06/16 12:53:27,quant_conv2d,1,3,30,0.2788,-0.6328,8.168328
251,2023/06/16 12:53:30,quant_conv2d,1,4,30,0.2271,-0.6845,9.062812
252,2023/06/16 12:53:34,quant_conv2d,1,1,31,0.564,-0.3476,4.471931
253,2023/06/16 12:53:37,quant_conv2d,1,2,31,0.3653,-0.5463,7.0536666
254,2023/06/16 12:53:41,quant_conv2d,1,3,31,0.2599,-0.6517,8.650516
255,2023/06/16 12:53:45,quant_conv2d,1,4,31,0.2026,-0.709,9.571833
256,2023/06/16 12:53:48,quant_conv2d,1,1,0,0.9116,0.0,0.2891834
257,2023/06/16 12:53:51,quant_conv2d,1,2,0,0.9116,0.0,0.2891834
258,2023/06/16 12:53:55,quant_conv2d,1,3,0,0.9116,0.0,0.2891834
259,2023/06/16 12:53:58,quant_conv2d,1,4,0,0.9116,0.0,0.2891835
260,2023/06/16 12:54:02,quant_conv2d,1,1,1,0.9116,0.0,0.2891834
261,2023/06/16 12:54:05,quant_conv2d,1,2,1,0.9116,0.0,0.2891834
262,2023/06/16 12:54:09,quant_conv2d,1,3,1,0.9116,0.0,0.28918344
263,2023/06/16 12:54:12,quant_conv2d,1,4,1,0.9116,0.0,0.2891834
264,2023/06/16 12:54:16,quant_conv2d,1,1,2,0.9116,0.0,0.2891733
265,2023/06/16 12:54:19,quant_conv2d,1,2,2,0.9116,0.0,0.28918213
266,2023/06/16 12:54:23,quant_conv2d,1,3,2,0.9116,0.0,0.28918374
267,2023/06/16 12:54:26,quant_conv2d,1,4,2,0.9116,0.0,0.28919318
268,2023/06/16 12:54:30,quant_conv2d,1,1,3,0.9116,0.0,0.28918344
269,2023/06/16 12:54:33,quant_conv2d,1,2,3,0.9116,0.0,0.28918326
270,2023/06/16 12:54:37,quant_conv2d,1,3,3,0.9116,0.0,0.28918394
271,2023/06/16 12:54:40,quant_conv2d,1,4,3,0.9116,0.0,0.28919208
272,2023/06/16 12:54:44,quant_conv2d,1,1,4,0.9116,0.0,0.28918356
273,2023/06/16 12:54:47,quant_conv2d,1,2,4,0.9116,0.0,0.28918388
274,2023/06/16 12:54:51,quant_conv2d,1,3,4,0.9117,9.999999999998899e-05,0.2891938
275,2023/06/16 12:54:55,quant_conv2d,1,4,4,0.9116,0.0,0.28918725
276,2023/06/16 12:54:58,quant_conv2d,1,1,5,0.9116,0.0,0.28917277
277,2023/06/16 12:55:02,quant_conv2d,1,2,5,0.9116,0.0,0.28915575
278,2023/06/16 12:55:05,quant_conv2d,1,3,5,0.9116,0.0,0.28916293
279,2023/06/16 12:55:09,quant_conv2d,1,4,5,0.9116,0.0,0.2891721
280,2023/06/16 12:55:12,quant_conv2d,1,1,6,0.9116,0.0,0.2891836
281,2023/06/16 12:55:16,quant_conv2d,1,2,6,0.9116,0.0,0.28916195
282,2023/06/16 12:55:19,quant_conv2d,1,3,6,0.9116,0.0,0.28919384
283,2023/06/16 12:55:23,quant_conv2d,1,4,6,0.9117,9.999999999998899e-05,0.28915864
284,2023/06/16 12:55:26,quant_conv2d,1,1,7,0.9116,0.0,0.28919792
285,2023/06/16 12:55:30,quant_conv2d,1,2,7,0.9116,0.0,0.28918242
286,2023/06/16 12:55:33,quant_conv2d,1,3,7,0.9117,9.999999999998899e-05,0.28914824
287,2023/06/16 12:55:37,quant_conv2d,1,4,7,0.9116,0.0,0.2891795
288,2023/06/16 12:55:40,quant_conv2d,1,1,8,0.9116,0.0,0.28921056
289,2023/06/16 12:55:44,quant_conv2d,1,2,8,0.9117,9.999999999998899e-05,0.2892011
290,2023/06/16 12:55:47,quant_conv2d,1,3,8,0.9117,9.999999999998899e-05,0.28925025
291,2023/06/16 12:55:51,quant_conv2d,1,4,8,0.9116,0.0,0.2891451
292,2023/06/16 12:55:54,quant_conv2d,1,1,9,0.9115,-9.999999999998899e-05,0.2891529
293,2023/06/16 12:55:58,quant_conv2d,1,2,9,0.9117,9.999999999998899e-05,0.2891873
294,2023/06/16 12:56:01,quant_conv2d,1,3,9,0.9117,9.999999999998899e-05,0.2891097
295,2023/06/16 12:56:05,quant_conv2d,1,4,9,0.9116,0.0,0.28916532
296,2023/06/16 12:56:08,quant_conv2d,1,1,10,0.9115,-9.999999999998899e-05,0.2891604
297,2023/06/16 12:56:12,quant_conv2d,1,2,10,0.9117,9.999999999998899e-05,0.2891542
298,2023/06/16 12:56:15,quant_conv2d,1,3,10,0.9116,0.0,0.2892343
299,2023/06/16 12:56:19,quant_conv2d,1,4,10,0.9116,0.0,0.2890723
300,2023/06/16 12:56:22,quant_conv2d,1,1,11,0.9118,0.000200000000000089,0.28919458
301,2023/06/16 12:56:26,quant_conv2d,1,2,11,0.9116,0.0,0.28917634
302,2023/06/16 12:56:30,quant_conv2d,1,3,11,0.9118,0.000200000000000089,0.28917506
303,2023/06/16 12:56:33,quant_conv2d,1,4,11,0.9118,0.000200000000000089,0.28909022
304,2023/06/16 12:56:37,quant_conv2d,1,1,12,0.9119,0.000300000000000078,0.28909874
305,2023/06/16 12:56:41,quant_conv2d,1,2,12,0.9117,9.999999999998899e-05,0.2891255
306,2023/06/16 12:56:44,quant_conv2d,1,3,12,0.912,0.00040000000000006697,0.2891478
307,2023/06/16 12:56:48,quant_conv2d,1,4,12,0.9118,0.000200000000000089,0.28929013
308,2023/06/16 12:56:51,quant_conv2d,1,1,13,0.9118,0.000200000000000089,0.28906947
309,2023/06/16 12:56:55,quant_conv2d,1,2,13,0.9117,9.999999999998899e-05,0.2891687
310,2023/06/16 12:56:58,quant_conv2d,1,3,13,0.9116,0.0,0.28930837
311,2023/06/16 12:57:02,quant_conv2d,1,4,13,0.9116,0.0,0.2891561
312,2023/06/16 12:57:05,quant_conv2d,1,1,14,0.9118,0.000200000000000089,0.28917623
313,2023/06/16 12:57:09,quant_conv2d,1,2,14,0.9116,0.0,0.28938833
314,2023/06/16 12:57:12,quant_conv2d,1,3,14,0.9116,0.0,0.28907833
315,2023/06/16 12:57:16,quant_conv2d,1,4,14,0.9119,0.000300000000000078,0.28999346
316,2023/06/16 12:57:20,quant_conv2d,1,1,15,0.9116,0.0,0.2890419
317,2023/06/16 12:57:23,quant_conv2d,1,2,15,0.9118,0.000200000000000089,0.28936073
318,2023/06/16 12:57:27,quant_conv2d,1,3,15,0.9118,0.000200000000000089,0.28986874
319,2023/06/16 12:57:30,quant_conv2d,1,4,15,0.9114,-0.00019999999999997797,0.28936338
320,2023/06/16 12:57:34,quant_conv2d,1,1,16,0.9109,-0.0006999999999999229,0.29034942
321,2023/06/16 12:57:37,quant_conv2d,1,2,16,0.9119,0.000300000000000078,0.2909211
322,2023/06/16 12:57:41,quant_conv2d,1,3,16,0.911,-0.0005999999999999339,0.29140005
323,2023/06/16 12:57:45,quant_conv2d,1,4,16,0.9116,0.0,0.29310846
324,2023/06/16 12:57:48,quant_conv2d,1,1,17,0.9106,-0.0010000000000000009,0.29255378
325,2023/06/16 12:57:52,quant_conv2d,1,2,17,0.9118,0.000200000000000089,0.29332992
326,2023/06/16 12:57:55,quant_conv2d,1,3,17,0.9103,-0.0012999999999999678,0.29673916
327,2023/06/16 12:57:59,quant_conv2d,1,4,17,0.9094,-0.0021999999999999797,0.2971203
328,2023/06/16 12:58:02,quant_conv2d,1,1,18,0.908,-0.0035999999999999366,0.30727294
329,2023/06/16 12:58:06,quant_conv2d,1,2,18,0.9064,-0.005199999999999982,0.31361085
330,2023/06/16 12:58:09,quant_conv2d,1,3,18,0.9013,-0.010299999999999976,0.34366062
331,2023/06/16 12:58:13,quant_conv2d,1,4,18,0.8996,-0.01200000000000001,0.3543263
332,2023/06/16 12:58:16,quant_conv2d,1,1,19,0.9026,-0.009000000000000008,0.36068392
333,2023/06/16 12:58:19,quant_conv2d,1,2,19,0.8901,-0.021499999999999964,0.41990244
334,2023/06/16 12:58:23,quant_conv2d,1,3,19,0.882,-0.02959999999999996,0.46633956
335,2023/06/16 12:58:27,quant_conv2d,1,4,19,0.8734,-0.03820000000000001,0.51726055
336,2023/06/16 12:58:30,quant_conv2d,1,1,20,0.8847,-0.026899999999999924,0.45707667
337,2023/06/16 12:58:34,quant_conv2d,1,2,20,0.8553,-0.05630000000000002,0.62077737
338,2023/06/16 12:58:37,quant_conv2d,1,3,20,0.8289,-0.0827,0.7871167
339,2023/06/16 12:58:41,quant_conv2d,1,4,20,0.8097,-0.10189999999999999,0.89276075
340,2023/06/16 12:58:44,quant_conv2d,1,1,21,0.8312,-0.08039999999999992,0.8044265
341,2023/06/16 12:58:48,quant_conv2d,1,2,21,0.7532,-0.15839999999999999,1.4035951
342,2023/06/16 12:58:51,quant_conv2d,1,3,21,0.6957,-0.21589999999999998,1.8822588
343,2023/06/16 12:58:55,quant_conv2d,1,4,21,0.6423,-0.2693,2.3990722
344,2023/06/16 12:58:58,quant_conv2d,1,1,22,0.7139,-0.1977,2.0576005
345,2023/06/16 12:59:02,quant_conv2d,1,2,22,0.5752,-0.3363999999999999,3.428068
346,2023/06/16 12:59:05,quant_conv2d,1,3,22,0.4841,-0.4275,4.4261084
347,2023/06/16 12:59:09,quant_conv2d,1,4,22,0.4195,-0.4921,5.288408
348,2023/06/16 12:59:12,quant_conv2d,1,1,23,0.6431,-0.26849999999999996,3.118995
349,2023/06/16 12:59:16,quant_conv2d,1,2,23,0.473,-0.4386,5.065642
350,2023/06/16 12:59:19,quant_conv2d,1,3,23,0.3637,-0.5478999999999999,6.421338
351,2023/06/16 12:59:23,quant_conv2d,1,4,23,0.3132,-0.5984,7.1986766
352,2023/06/16 12:59:27,quant_conv2d,1,1,24,0.5944,-0.3171999999999999,3.6938875
353,2023/06/16 12:59:31,quant_conv2d,1,2,24,0.4275,-0.4841,5.863292
354,2023/06/16 12:59:34,quant_conv2d,1,3,24,0.3222,-0.5893999999999999,7.302375
355,2023/06/16 12:59:38,quant_conv2d,1,4,24,0.2556,-0.6559999999999999,8.315433
356,2023/06/16 12:59:41,quant_conv2d,1,1,25,0.5749,-0.3367,4.0678525
357,2023/06/16 12:59:45,quant_conv2d,1,2,25,0.3969,-0.5146999999999999,6.5162783
358,2023/06/16 12:59:48,quant_conv2d,1,3,25,0.3019,-0.6096999999999999,7.7997775
359,2023/06/16 12:59:52,quant_conv2d,1,4,25,0.2349,-0.6767,8.814346
360,2023/06/16 12:59:55,quant_conv2d,1,1,26,0.5731,-0.3384999999999999,4.1146636
361,2023/06/16 12:59:59,quant_conv2d,1,2,26,0.3936,-0.518,6.4835267
362,2023/06/16 13:00:02,quant_conv2d,1,3,26,0.2884,-0.6232,7.976717
363,2023/06/16 13:00:06,quant_conv2d,1,4,26,0.2333,-0.6782999999999999,8.905973
364,2023/06/16 13:00:09,quant_conv2d,1,1,27,0.5716,-0.33999999999999997,4.1712375
365,2023/06/16 13:00:13,quant_conv2d,1,2,27,0.3871,-0.5245,6.680127
366,2023/06/16 13:00:16,quant_conv2d,1,3,27,0.2851,-0.6265,8.030847
367,2023/06/16 13:00:20,quant_conv2d,1,4,27,0.2262,-0.6854,9.028506
368,2023/06/16 13:00:23,quant_conv2d,1,1,28,0.5669,-0.3447,4.296839
369,2023/06/16 13:00:27,quant_conv2d,1,2,28,0.3806,-0.5309999999999999,6.75165
370,2023/06/16 13:00:30,quant_conv2d,1,3,28,0.2859,-0.6256999999999999,8.158837
371,2023/06/16 13:00:34,quant_conv2d,1,4,28,0.2247,-0.6869,9.008373
372,2023/06/16 13:00:37,quant_conv2d,1,1,29,0.5783,-0.33329999999999993,4.2464504
373,2023/06/16 13:00:41,quant_conv2d,1,2,29,0.3862,-0.5254,6.6241717
374,2023/06/16 13:00:44,quant_conv2d,1,3,29,0.2836,-0.6279999999999999,8.099412
375,2023/06/16 13:00:48,quant_conv2d,1,4,29,0.2225,-0.6890999999999999,9.079104
376,2023/06/16 13:00:52,quant_conv2d,1,1,30,0.5644,-0.34719999999999995,4.3093767
377,2023/06/16 13:00:55,quant_conv2d,1,2,30,0.3888,-0.5227999999999999,6.5933375
378,2023/06/16 13:00:59,quant_conv2d,1,3,30,0.28,-0.6315999999999999,8.139456
379,2023/06/16 13:01:02,quant_conv2d,1,4,30,0.2274,-0.6841999999999999,9.059684
380,2023/06/16 13:01:06,quant_conv2d,1,1,31,0.5529,-0.3587,4.573006
381,2023/06/16 13:01:09,quant_conv2d,1,2,31,0.3645,-0.5470999999999999,7.113371
382,2023/06/16 13:01:13,quant_conv2d,1,3,31,0.2649,-0.6466999999999999,8.592557
383,2023/06/16 13:01:16,quant_conv2d,1,4,31,0.2041,-0.7075,9.498137
384,2023/06/16 13:01:20,quant_conv2d,1,1,0,0.9116,0.0,0.2891834
385,2023/06/16 13:01:23,quant_conv2d,1,2,0,0.9116,0.0,0.28918344
386,2023/06/16 13:01:27,quant_conv2d,1,3,0,0.9116,0.0,0.2891834
387,2023/06/16 13:01:31,quant_conv2d,1,4,0,0.9116,0.0,0.2891834
388,2023/06/16 13:01:34,quant_conv2d,1,1,1,0.9116,0.0,0.28918356
389,2023/06/16 13:01:37,quant_conv2d,1,2,1,0.9116,0.0,0.28918168
390,2023/06/16 13:01:41,quant_conv2d,1,3,1,0.9116,0.0,0.28918386
391,2023/06/16 13:01:45,quant_conv2d,1,4,1,0.9116,0.0,0.2891834
392,2023/06/16 13:01:48,quant_conv2d,1,1,2,0.9116,0.0,0.2891834
393,2023/06/16 13:01:52,quant_conv2d,1,2,2,0.9116,0.0,0.28918648
394,2023/06/16 13:01:55,quant_conv2d,1,3,2,0.9116,0.0,0.28918335
395,2023/06/16 13:01:59,quant_conv2d,1,4,2,0.9116,0.0,0.28918344
396,2023/06/16 13:02:02,quant_conv2d,1,1,3,0.9116,0.0,0.28918868
397,2023/06/16 13:02:06,quant_conv2d,1,2,3,0.9116,0.0,0.2891834
398,2023/06/16 13:02:09,quant_conv2d,1,3,3,0.9116,0.0,0.28918996
399,2023/06/16 13:02:13,quant_conv2d,1,4,3,0.9116,0.0,0.28919083
400,2023/06/16 13:02:16,quant_conv2d,1,1,4,0.9116,0.0,0.2891835
401,2023/06/16 13:02:19,quant_conv2d,1,2,4,0.9116,0.0,0.2891838
402,2023/06/16 13:02:23,quant_conv2d,1,3,4,0.9116,0.0,0.28918657
403,2023/06/16 13:02:27,quant_conv2d,1,4,4,0.9116,0.0,0.28917086
404,2023/06/16 13:02:30,quant_conv2d,1,1,5,0.9117,9.999999999998899e-05,0.28917733
405,2023/06/16 13:02:33,quant_conv2d,1,2,5,0.9115,-9.999999999998899e-05,0.28915143
406,2023/06/16 13:02:37,quant_conv2d,1,3,5,0.9116,0.0,0.28917274
407,2023/06/16 13:02:40,quant_conv2d,1,4,5,0.9115,-9.999999999998899e-05,0.28916937
408,2023/06/16 13:02:44,quant_conv2d,1,1,6,0.9116,0.0,0.2891744
409,2023/06/16 13:02:47,quant_conv2d,1,2,6,0.9116,0.0,0.28916332
410,2023/06/16 13:02:51,quant_conv2d,1,3,6,0.9116,0.0,0.28917193
411,2023/06/16 13:02:54,quant_conv2d,1,4,6,0.9116,0.0,0.2891851
412,2023/06/16 13:02:58,quant_conv2d,1,1,7,0.9116,0.0,0.28918242
413,2023/06/16 13:03:02,quant_conv2d,1,2,7,0.9116,0.0,0.28917974
414,2023/06/16 13:03:06,quant_conv2d,1,3,7,0.9116,0.0,0.28922048
415,2023/06/16 13:03:10,quant_conv2d,1,4,7,0.9115,-9.999999999998899e-05,0.28914112
416,2023/06/16 13:03:13,quant_conv2d,1,1,8,0.9116,0.0,0.28918517
417,2023/06/16 13:03:16,quant_conv2d,1,2,8,0.9116,0.0,0.28919232
418,2023/06/16 13:03:20,quant_conv2d,1,3,8,0.9116,0.0,0.28916255
419,2023/06/16 13:03:24,quant_conv2d,1,4,8,0.9114,-0.00019999999999997797,0.28925717
420,2023/06/16 13:03:27,quant_conv2d,1,1,9,0.9116,0.0,0.28915155
421,2023/06/16 13:03:30,quant_conv2d,1,2,9,0.9116,0.0,0.2891922
422,2023/06/16 13:03:34,quant_conv2d,1,3,9,0.9117,9.999999999998899e-05,0.289178
423,2023/06/16 13:03:37,quant_conv2d,1,4,9,0.9116,0.0,0.28920284
424,2023/06/16 13:03:41,quant_conv2d,1,1,10,0.9118,0.000200000000000089,0.28918684
425,2023/06/16 13:03:44,quant_conv2d,1,2,10,0.9116,0.0,0.28916445
426,2023/06/16 13:03:48,quant_conv2d,1,3,10,0.9118,0.000200000000000089,0.28914317
427,2023/06/16 13:03:51,quant_conv2d,1,4,10,0.912,0.00040000000000006697,0.28925174
428,2023/06/16 13:03:55,quant_conv2d,1,1,11,0.9115,-9.999999999998899e-05,0.28918812
429,2023/06/16 13:03:58,quant_conv2d,1,2,11,0.9116,0.0,0.2891588
430,2023/06/16 13:04:02,quant_conv2d,1,3,11,0.9116,0.0,0.28931263
431,2023/06/16 13:04:05,quant_conv2d,1,4,11,0.9118,0.000200000000000089,0.28918037
432,2023/06/16 13:04:09,quant_conv2d,1,1,12,0.9113,-0.00029999999999996696,0.28918877
433,2023/06/16 13:04:12,quant_conv2d,1,2,12,0.9117,9.999999999998899e-05,0.28901747
434,2023/06/16 13:04:16,quant_conv2d,1,3,12,0.9115,-9.999999999998899e-05,0.28923282
435,2023/06/16 13:04:19,quant_conv2d,1,4,12,0.9118,0.000200000000000089,0.289408
436,2023/06/16 13:04:23,quant_conv2d,1,1,13,0.9122,0.0006000000000000449,0.2890541
437,2023/06/16 13:04:26,quant_conv2d,1,2,13,0.9119,0.000300000000000078,0.2890003
438,2023/06/16 13:04:30,quant_conv2d,1,3,13,0.9117,9.999999999998899e-05,0.2892602
439,2023/06/16 13:04:33,quant_conv2d,1,4,13,0.9122,0.0006000000000000449,0.28917143
440,2023/06/16 13:04:37,quant_conv2d,1,1,14,0.9114,-0.00019999999999997797,0.2890043
441,2023/06/16 13:04:40,quant_conv2d,1,2,14,0.9115,-9.999999999998899e-05,0.2891556
442,2023/06/16 13:04:44,quant_conv2d,1,3,14,0.9124,0.0008000000000000229,0.28953272
443,2023/06/16 13:04:47,quant_conv2d,1,4,14,0.9113,-0.00029999999999996696,0.28935874
444,2023/06/16 13:04:51,quant_conv2d,1,1,15,0.912,0.00040000000000006697,0.28927553
445,2023/06/16 13:04:54,quant_conv2d,1,2,15,0.9119,0.000300000000000078,0.28911212
446,2023/06/16 13:04:59,quant_conv2d,1,3,15,0.9109,-0.0006999999999999229,0.28939003
447,2023/06/16 13:05:02,quant_conv2d,1,4,15,0.9121,0.000500000000000056,0.2898844
448,2023/06/16 13:05:06,quant_conv2d,1,1,16,0.9115,-9.999999999998899e-05,0.28995425
449,2023/06/16 13:05:09,quant_conv2d,1,2,16,0.9113,-0.00029999999999996696,0.29033738
450,2023/06/16 13:05:13,quant_conv2d,1,3,16,0.9113,-0.00029999999999996696,0.2911256
451,2023/06/16 13:05:16,quant_conv2d,1,4,16,0.9121,0.000500000000000056,0.28969213
452,2023/06/16 13:05:20,quant_conv2d,1,1,17,0.9122,0.0006000000000000449,0.29126656
453,2023/06/16 13:05:23,quant_conv2d,1,2,17,0.9091,-0.0024999999999999467,0.29479426
454,2023/06/16 13:05:27,quant_conv2d,1,3,17,0.9107,-0.0009000000000000119,0.29735106
455,2023/06/16 13:05:30,quant_conv2d,1,4,17,0.9088,-0.0027999999999999137,0.30685088
456,2023/06/16 13:05:34,quant_conv2d,1,1,18,0.9096,-0.0020000000000000018,0.30447763
457,2023/06/16 13:05:37,quant_conv2d,1,2,18,0.9037,-0.007900000000000018,0.32244498
458,2023/06/16 13:05:41,quant_conv2d,1,3,18,0.9062,-0.00539999999999996,0.33100843
459,2023/06/16 13:05:44,quant_conv2d,1,4,18,0.8987,-0.012899999999999912,0.36112562
460,2023/06/16 13:05:48,quant_conv2d,1,1,19,0.9012,-0.010399999999999965,0.3503825
461,2023/06/16 13:05:51,quant_conv2d,1,2,19,0.8927,-0.018899999999999917,0.41942123
462,2023/06/16 13:05:54,quant_conv2d,1,3,19,0.8794,-0.032200000000000006,0.47197846
463,2023/06/16 13:05:58,quant_conv2d,1,4,19,0.8726,-0.038999999999999924,0.5124076
464,2023/06/16 13:06:02,quant_conv2d,1,1,20,0.8848,-0.026799999999999935,0.42128745
465,2023/06/16 13:06:05,quant_conv2d,1,2,20,0.8552,-0.056400000000000006,0.6127218
466,2023/06/16 13:06:09,quant_conv2d,1,3,20,0.8339,-0.07769999999999999,0.749384
467,2023/06/16 13:06:12,quant_conv2d,1,4,20,0.8071,-0.10449999999999993,0.9297334
468,2023/06/16 13:06:16,quant_conv2d,1,1,21,0.8266,-0.08499999999999996,0.8628622
469,2023/06/16 13:06:19,quant_conv2d,1,2,21,0.7542,-0.15739999999999998,1.3777846
470,2023/06/16 13:06:23,quant_conv2d,1,3,21,0.688,-0.22360000000000002,1.8939012
471,2023/06/16 13:06:26,quant_conv2d,1,4,21,0.6467,-0.2648999999999999,2.3001318
472,2023/06/16 13:06:30,quant_conv2d,1,1,22,0.7147,-0.19689999999999996,2.0323935
473,2023/06/16 13:06:33,quant_conv2d,1,2,22,0.5901,-0.3215,3.3349743
474,2023/06/16 13:06:37,quant_conv2d,1,3,22,0.4869,-0.42469999999999997,4.4039173
475,2023/06/16 13:06:40,quant_conv2d,1,4,22,0.418,-0.4936,5.264466
476,2023/06/16 13:06:44,quant_conv2d,1,1,23,0.6352,-0.2764,3.1012127
477,2023/06/16 13:06:47,quant_conv2d,1,2,23,0.4727,-0.43889999999999996,4.947688
478,2023/06/16 13:06:51,quant_conv2d,1,3,23,0.3712,-0.5404,6.3119946
479,2023/06/16 13:06:54,quant_conv2d,1,4,23,0.3012,-0.6103999999999999,7.3845453
480,2023/06/16 13:06:58,quant_conv2d,1,1,24,0.5937,-0.31789999999999996,3.7820394
481,2023/06/16 13:07:01,quant_conv2d,1,2,24,0.4194,-0.49219999999999997,6.014304
482,2023/06/16 13:07:05,quant_conv2d,1,3,24,0.3217,-0.5899,7.282068
483,2023/06/16 13:07:08,quant_conv2d,1,4,24,0.2515,-0.6600999999999999,8.364032
484,2023/06/16 13:07:12,quant_conv2d,1,1,25,0.5875,-0.32409999999999994,3.937464
485,2023/06/16 13:07:15,quant_conv2d,1,2,25,0.4036,-0.508,6.4269624
486,2023/06/16 13:07:19,quant_conv2d,1,3,25,0.2987,-0.6129,7.752878
487,2023/06/16 13:07:22,quant_conv2d,1,4,25,0.2361,-0.6755,8.762986
488,2023/06/16 13:07:26,quant_conv2d,1,1,26,0.5759,-0.3357,4.165065
489,2023/06/16 13:07:29,quant_conv2d,1,2,26,0.3855,-0.5261,6.5985703
490,2023/06/16 13:07:33,quant_conv2d,1,3,26,0.295,-0.6166,7.963501
491,2023/06/16 13:07:37,quant_conv2d,1,4,26,0.2244,-0.6872,8.93205
492,2023/06/16 13:07:40,quant_conv2d,1,1,27,0.5767,-0.3349,4.1390896
493,2023/06/16 13:07:43,quant_conv2d,1,2,27,0.381,-0.5306,6.6792555
494,2023/06/16 13:07:47,quant_conv2d,1,3,27,0.2844,-0.6272,8.014672
495,2023/06/16 13:07:51,quant_conv2d,1,4,27,0.2231,-0.6885,9.013044
496,2023/06/16 13:07:54,quant_conv2d,1,1,28,0.5718,-0.3398,4.250124
497,2023/06/16 13:07:57,quant_conv2d,1,2,28,0.3854,-0.5262,6.6950045
498,2023/06/16 13:08:02,quant_conv2d,1,3,28,0.2772,-0.6344,8.233821
499,2023/06/16 13:08:05,quant_conv2d,1,4,28,0.2134,-0.6981999999999999,9.124315
500,2023/06/16 13:08:09,quant_conv2d,1,1,29,0.5723,-0.33929999999999993,4.190228
501,2023/06/16 13:08:12,quant_conv2d,1,2,29,0.3863,-0.5253,6.6452928
502,2023/06/16 13:08:16,quant_conv2d,1,3,29,0.2833,-0.6283,8.128676
503,2023/06/16 13:08:19,quant_conv2d,1,4,29,0.2196,-0.692,9.110166
504,2023/06/16 13:08:23,quant_conv2d,1,1,30,0.5718,-0.3398,4.2290955
505,2023/06/16 13:08:27,quant_conv2d,1,2,30,0.3866,-0.5249999999999999,6.5349526
506,2023/06/16 13:08:30,quant_conv2d,1,3,30,0.2832,-0.6284,8.14998
507,2023/06/16 13:08:34,quant_conv2d,1,4,30,0.2207,-0.6909,9.104222
508,2023/06/16 13:08:37,quant_conv2d,1,1,31,0.5561,-0.3554999999999999,4.490724
509,2023/06/16 13:08:41,quant_conv2d,1,2,31,0.3675,-0.5441,7.0828147
510,2023/06/16 13:08:45,quant_conv2d,1,3,31,0.2619,-0.6496999999999999,8.612714
511,2023/06/16 13:08:48,quant_conv2d,1,4,31,0.1995,-0.7121,9.607802
512,2023/06/16 13:08:52,quant_conv2d,1,1,0,0.9116,0.0,0.2891834
513,2023/06/16 13:08:56,quant_conv2d,1,2,0,0.9116,0.0,0.2891834
514,2023/06/16 13:08:59,quant_conv2d,1,3,0,0.9116,0.0,0.2891834
515,2023/06/16 13:09:03,quant_conv2d,1,4,0,0.9116,0.0,0.28918344
516,2023/06/16 13:09:06,quant_conv2d,1,1,1,0.9116,0.0,0.2891834
517,2023/06/16 13:09:10,quant_conv2d,1,2,1,0.9116,0.0,0.2891834
518,2023/06/16 13:09:13,quant_conv2d,1,3,1,0.9116,0.0,0.2891834
519,2023/06/16 13:09:16,quant_conv2d,1,4,1,0.9116,0.0,0.2891834
520,2023/06/16 13:09:21,quant_conv2d,1,1,2,0.9116,0.0,0.2891834
521,2023/06/16 13:09:24,quant_conv2d,1,2,2,0.9116,0.0,0.2891858
522,2023/06/16 13:09:28,quant_conv2d,1,3,2,0.9116,0.0,0.2891834
523,2023/06/16 13:09:31,quant_conv2d,1,4,2,0.9116,0.0,0.28918326
524,2023/06/16 13:09:35,quant_conv2d,1,1,3,0.9116,0.0,0.289193
525,2023/06/16 13:09:39,quant_conv2d,1,2,3,0.9116,0.0,0.28918627
526,2023/06/16 13:09:42,quant_conv2d,1,3,3,0.9116,0.0,0.2891809
527,2023/06/16 13:09:46,quant_conv2d,1,4,3,0.9117,9.999999999998899e-05,0.28917816
528,2023/06/16 13:09:50,quant_conv2d,1,1,4,0.9116,0.0,0.2891881
529,2023/06/16 13:09:53,quant_conv2d,1,2,4,0.9116,0.0,0.2891834
530,2023/06/16 13:09:57,quant_conv2d,1,3,4,0.9116,0.0,0.28918418
531,2023/06/16 13:10:00,quant_conv2d,1,4,4,0.9116,0.0,0.28917873
532,2023/06/16 13:10:04,quant_conv2d,1,1,5,0.9116,0.0,0.28918344
533,2023/06/16 13:10:08,quant_conv2d,1,2,5,0.9116,0.0,0.28917626
534,2023/06/16 13:10:11,quant_conv2d,1,3,5,0.9116,0.0,0.28917238
535,2023/06/16 13:10:15,quant_conv2d,1,4,5,0.9116,0.0,0.28917718
536,2023/06/16 13:10:18,quant_conv2d,1,1,6,0.9116,0.0,0.28918302
537,2023/06/16 13:10:22,quant_conv2d,1,2,6,0.9116,0.0,0.28916392
538,2023/06/16 13:10:26,quant_conv2d,1,3,6,0.9116,0.0,0.28919408
539,2023/06/16 13:10:29,quant_conv2d,1,4,6,0.9116,0.0,0.2892187
540,2023/06/16 13:10:33,quant_conv2d,1,1,7,0.9116,0.0,0.28918114
541,2023/06/16 13:10:36,quant_conv2d,1,2,7,0.9116,0.0,0.2891267
542,2023/06/16 13:10:40,quant_conv2d,1,3,7,0.9116,0.0,0.28918844
543,2023/06/16 13:10:43,quant_conv2d,1,4,7,0.9117,9.999999999998899e-05,0.28917626
544,2023/06/16 13:10:47,quant_conv2d,1,1,8,0.9117,9.999999999998899e-05,0.28919235
545,2023/06/16 13:10:50,quant_conv2d,1,2,8,0.9117,9.999999999998899e-05,0.28917807
546,2023/06/16 13:10:54,quant_conv2d,1,3,8,0.9117,9.999999999998899e-05,0.28918847
547,2023/06/16 13:10:57,quant_conv2d,1,4,8,0.9116,0.0,0.28920797
548,2023/06/16 13:11:01,quant_conv2d,1,1,9,0.9116,0.0,0.28920424
549,2023/06/16 13:11:04,quant_conv2d,1,2,9,0.9117,9.999999999998899e-05,0.28918055
550,2023/06/16 13:11:08,quant_conv2d,1,3,9,0.9118,0.000200000000000089,0.28915876
551,2023/06/16 13:11:12,quant_conv2d,1,4,9,0.9114,-0.00019999999999997797,0.2892666
552,2023/06/16 13:11:15,quant_conv2d,1,1,10,0.9116,0.0,0.28916425
553,2023/06/16 13:11:19,quant_conv2d,1,2,10,0.9115,-9.999999999998899e-05,0.28927222
554,2023/06/16 13:11:22,quant_conv2d,1,3,10,0.9117,9.999999999998899e-05,0.28917402
555,2023/06/16 13:11:26,quant_conv2d,1,4,10,0.9116,0.0,0.28925905
556,2023/06/16 13:11:29,quant_conv2d,1,1,11,0.9115,-9.999999999998899e-05,0.289151
557,2023/06/16 13:11:33,quant_conv2d,1,2,11,0.9115,-9.999999999998899e-05,0.28924695
558,2023/06/16 13:11:36,quant_conv2d,1,3,11,0.9119,0.000300000000000078,0.2891489
559,2023/06/16 13:11:40,quant_conv2d,1,4,11,0.9117,9.999999999998899e-05,0.28898495
560,2023/06/16 13:11:43,quant_conv2d,1,1,12,0.9116,0.0,0.289248
561,2023/06/16 13:11:47,quant_conv2d,1,2,12,0.9115,-9.999999999998899e-05,0.28929776
562,2023/06/16 13:11:50,quant_conv2d,1,3,12,0.9123,0.0007000000000000339,0.2892304
563,2023/06/16 13:11:54,quant_conv2d,1,4,12,0.9117,9.999999999998899e-05,0.28896284
564,2023/06/16 13:11:58,quant_conv2d,1,1,13,0.9116,0.0,0.28910604
565,2023/06/16 13:12:01,quant_conv2d,1,2,13,0.9119,0.000300000000000078,0.28916758
566,2023/06/16 13:12:05,quant_conv2d,1,3,13,0.9115,-9.999999999998899e-05,0.28895766
567,2023/06/16 13:12:08,quant_conv2d,1,4,13,0.9126,0.0010000000000000009,0.2893286
568,2023/06/16 13:12:12,quant_conv2d,1,1,14,0.9116,0.0,0.28941756
569,2023/06/16 13:12:15,quant_conv2d,1,2,14,0.9125,0.0009000000000000119,0.28936225
570,2023/06/16 13:12:19,quant_conv2d,1,3,14,0.9117,9.999999999998899e-05,0.28919995
571,2023/06/16 13:12:23,quant_conv2d,1,4,14,0.9113,-0.00029999999999996696,0.28941163
572,2023/06/16 13:12:26,quant_conv2d,1,1,15,0.912,0.00040000000000006697,0.28924805
573,2023/06/16 13:12:30,quant_conv2d,1,2,15,0.9123,0.0007000000000000339,0.2894479
574,2023/06/16 13:12:33,quant_conv2d,1,3,15,0.9122,0.0006000000000000449,0.29030704
575,2023/06/16 13:12:37,quant_conv2d,1,4,15,0.9113,-0.00029999999999996696,0.29052898
576,2023/06/16 13:12:40,quant_conv2d,1,1,16,0.9112,-0.00039999999999995595,0.28988397
577,2023/06/16 13:12:44,quant_conv2d,1,2,16,0.9112,-0.00039999999999995595,0.2900078
578,2023/06/16 13:12:47,quant_conv2d,1,3,16,0.9114,-0.00019999999999997797,0.2917088
579,2023/06/16 13:12:51,quant_conv2d,1,4,16,0.9117,9.999999999998899e-05,0.29171386
580,2023/06/16 13:12:54,quant_conv2d,1,1,17,0.9113,-0.00029999999999996696,0.29184204
581,2023/06/16 13:12:58,quant_conv2d,1,2,17,0.9107,-0.0009000000000000119,0.2966066
582,2023/06/16 13:13:02,quant_conv2d,1,3,17,0.9105,-0.0010999999999999899,0.29767802
583,2023/06/16 13:13:05,quant_conv2d,1,4,17,0.9094,-0.0021999999999999797,0.2987028
584,2023/06/16 13:13:09,quant_conv2d,1,1,18,0.9074,-0.0041999999999999815,0.30567127
585,2023/06/16 13:13:12,quant_conv2d,1,2,18,0.9057,-0.005900000000000016,0.3214157
586,2023/06/16 13:13:16,quant_conv2d,1,3,18,0.8994,-0.012199999999999989,0.34978852
587,2023/06/16 13:13:20,quant_conv2d,1,4,18,0.8959,-0.015699999999999936,0.35505176
588,2023/06/16 13:13:23,quant_conv2d,1,1,19,0.8995,-0.0121,0.3632347
589,2023/06/16 13:13:27,quant_conv2d,1,2,19,0.893,-0.01859999999999995,0.38586187
590,2023/06/16 13:13:30,quant_conv2d,1,3,19,0.8843,-0.02729999999999999,0.4639276
591,2023/06/16 13:13:34,quant_conv2d,1,4,19,0.8714,-0.040200000000000014,0.51799405
592,2023/06/16 13:13:37,quant_conv2d,1,1,20,0.8819,-0.02969999999999995,0.4359915
593,2023/06/16 13:13:41,quant_conv2d,1,2,20,0.8547,-0.05689999999999995,0.63119453
594,2023/06/16 13:13:44,quant_conv2d,1,3,20,0.8356,-0.07599999999999996,0.7681944
595,2023/06/16 13:13:48,quant_conv2d,1,4,20,0.8105,-0.10109999999999997,0.9248971
596,2023/06/16 13:13:52,quant_conv2d,1,1,21,0.8249,-0.0867,0.8861197
597,2023/06/16 13:13:55,quant_conv2d,1,2,21,0.7533,-0.1583,1.4054832
598,2023/06/16 13:13:59,quant_conv2d,1,3,21,0.6967,-0.21489999999999998,1.9177766
599,2023/06/16 13:14:03,quant_conv2d,1,4,21,0.6356,-0.2759999999999999,2.4140868
600,2023/06/16 13:14:06,quant_conv2d,1,1,22,0.7185,-0.19309999999999994,2.0056624
601,2023/06/16 13:14:09,quant_conv2d,1,2,22,0.5877,-0.32389999999999997,3.2779222
602,2023/06/16 13:14:13,quant_conv2d,1,3,22,0.4916,-0.42,4.3536954
603,2023/06/16 13:14:17,quant_conv2d,1,4,22,0.4179,-0.49369999999999997,5.2867823
604,2023/06/16 13:14:20,quant_conv2d,1,1,23,0.637,-0.27459999999999996,3.0555656
605,2023/06/16 13:14:24,quant_conv2d,1,2,23,0.4729,-0.4387,5.065312
606,2023/06/16 13:14:27,quant_conv2d,1,3,23,0.3782,-0.5334,6.3249393
607,2023/06/16 13:14:31,quant_conv2d,1,4,23,0.2989,-0.6127,7.301856
608,2023/06/16 13:14:34,quant_conv2d,1,1,24,0.5972,-0.3144,3.7217953
609,2023/06/16 13:14:38,quant_conv2d,1,2,24,0.4189,-0.49269999999999997,5.938544
610,2023/06/16 13:14:41,quant_conv2d,1,3,24,0.3245,-0.5871,7.2178802
611,2023/06/16 13:14:45,quant_conv2d,1,4,24,0.2539,-0.6577,8.360341
612,2023/06/16 13:14:49,quant_conv2d,1,1,25,0.5832,-0.3283999999999999,3.9336188
613,2023/06/16 13:14:52,quant_conv2d,1,2,25,0.4098,-0.5018,6.238779
614,2023/06/16 13:14:56,quant_conv2d,1,3,25,0.3002,-0.6113999999999999,7.8256435
615,2023/06/16 13:14:59,quant_conv2d,1,4,25,0.2391,-0.6725,8.769555
616,2023/06/16 13:15:03,quant_conv2d,1,1,26,0.5787,-0.3329,4.121289
617,2023/06/16 13:15:06,quant_conv2d,1,2,26,0.3912,-0.5204,6.5323267
618,2023/06/16 13:15:10,quant_conv2d,1,3,26,0.2888,-0.6228,7.957335
619,2023/06/16 13:15:14,quant_conv2d,1,4,26,0.2244,-0.6872,9.008485
620,2023/06/16 13:15:17,quant_conv2d,1,1,27,0.5785,-0.33309999999999995,4.0993657
621,2023/06/16 13:15:21,quant_conv2d,1,2,27,0.387,-0.5246,6.555521
622,2023/06/16 13:15:25,quant_conv2d,1,3,27,0.2848,-0.6268,8.0519495
623,2023/06/16 13:15:28,quant_conv2d,1,4,27,0.2268,-0.6848,8.964472
624,2023/06/16 13:15:31,quant_conv2d,1,1,28,0.569,-0.3426,4.2269816
625,2023/06/16 13:15:35,quant_conv2d,1,2,28,0.3891,-0.5225,6.5805116
626,2023/06/16 13:15:39,quant_conv2d,1,3,28,0.2819,-0.6296999999999999,8.163286
627,2023/06/16 13:15:42,quant_conv2d,1,4,28,0.2229,-0.6887,9.080416
628,2023/06/16 13:15:46,quant_conv2d,1,1,29,0.5737,-0.3379,4.196696
629,2023/06/16 13:15:49,quant_conv2d,1,2,29,0.3904,-0.5211999999999999,6.611142
630,2023/06/16 13:15:53,quant_conv2d,1,3,29,0.2877,-0.6238999999999999,8.080235
631,2023/06/16 13:15:57,quant_conv2d,1,4,29,0.2294,-0.6821999999999999,9.032515
632,2023/06/16 13:16:00,quant_conv2d,1,1,30,0.5802,-0.3313999999999999,4.0705357
633,2023/06/16 13:16:03,quant_conv2d,1,2,30,0.3862,-0.5254,6.631748
634,2023/06/16 13:16:07,quant_conv2d,1,3,30,0.2871,-0.6244999999999999,8.073826
635,2023/06/16 13:16:11,quant_conv2d,1,4,30,0.2229,-0.6887,9.079675
636,2023/06/16 13:16:14,quant_conv2d,1,1,31,0.5518,-0.3598,4.6052837
637,2023/06/16 13:16:18,quant_conv2d,1,2,31,0.3713,-0.5403,6.978807
638,2023/06/16 13:16:21,quant_conv2d,1,3,31,0.2565,-0.6551,8.75428
639,2023/06/16 13:16:25,quant_conv2d,1,4,31,0.2043,-0.7072999999999999,9.553957
640,2023/06/16 13:16:28,quant_conv2d,1,1,0,0.9116,0.0,0.2891834
641,2023/06/16 13:16:32,quant_conv2d,1,2,0,0.9116,0.0,0.2891834
642,2023/06/16 13:16:35,quant_conv2d,1,3,0,0.9116,0.0,0.28918344
643,2023/06/16 13:16:39,quant_conv2d,1,4,0,0.9116,0.0,0.2891834
644,2023/06/16 13:16:42,quant_conv2d,1,1,1,0.9116,0.0,0.2891834
645,2023/06/16 13:16:46,quant_conv2d,1,2,1,0.9116,0.0,0.28918332
646,2023/06/16 13:16:49,quant_conv2d,1,3,1,0.9116,0.0,0.2891834
647,2023/06/16 13:16:53,quant_conv2d,1,4,1,0.9116,0.0,0.28918448
648,2023/06/16 13:16:57,quant_conv2d,1,1,2,0.9116,0.0,0.2891834
649,2023/06/16 13:17:00,quant_conv2d,1,2,2,0.9116,0.0,0.28918344
650,2023/06/16 13:17:04,quant_conv2d,1,3,2,0.9116,0.0,0.28920048
651,2023/06/16 13:17:07,quant_conv2d,1,4,2,0.9116,0.0,0.28918666
652,2023/06/16 13:17:11,quant_conv2d,1,1,3,0.9116,0.0,0.28919193
653,2023/06/16 13:17:14,quant_conv2d,1,2,3,0.9116,0.0,0.2891834
654,2023/06/16 13:17:18,quant_conv2d,1,3,3,0.9116,0.0,0.28917554
655,2023/06/16 13:17:21,quant_conv2d,1,4,3,0.9116,0.0,0.28918338
656,2023/06/16 13:17:25,quant_conv2d,1,1,4,0.9116,0.0,0.2891834
657,2023/06/16 13:17:28,quant_conv2d,1,2,4,0.9116,0.0,0.28918403
658,2023/06/16 13:17:32,quant_conv2d,1,3,4,0.9116,0.0,0.2891884
659,2023/06/16 13:17:36,quant_conv2d,1,4,4,0.9116,0.0,0.2891854
660,2023/06/16 13:17:39,quant_conv2d,1,1,5,0.9116,0.0,0.28919154
661,2023/06/16 13:17:43,quant_conv2d,1,2,5,0.9116,0.0,0.2891695
662,2023/06/16 13:17:46,quant_conv2d,1,3,5,0.9116,0.0,0.28918287
663,2023/06/16 13:17:50,quant_conv2d,1,4,5,0.9117,9.999999999998899e-05,0.2891636
664,2023/06/16 13:17:53,quant_conv2d,1,1,6,0.9116,0.0,0.2891657
665,2023/06/16 13:17:57,quant_conv2d,1,2,6,0.9118,0.000200000000000089,0.28915083
666,2023/06/16 13:18:00,quant_conv2d,1,3,6,0.9116,0.0,0.28918216
667,2023/06/16 13:18:04,quant_conv2d,1,4,6,0.9116,0.0,0.28920367
668,2023/06/16 13:18:08,quant_conv2d,1,1,7,0.9116,0.0,0.28916752
669,2023/06/16 13:18:11,quant_conv2d,1,2,7,0.9116,0.0,0.28917974
670,2023/06/16 13:18:15,quant_conv2d,1,3,7,0.9116,0.0,0.28918353
671,2023/06/16 13:18:18,quant_conv2d,1,4,7,0.9116,0.0,0.2891799
672,2023/06/16 13:18:24,quant_conv2d,1,1,8,0.9116,0.0,0.2891351
673,2023/06/16 13:18:28,quant_conv2d,1,2,8,0.9117,9.999999999998899e-05,0.2891506
674,2023/06/16 13:18:32,quant_conv2d,1,3,8,0.9116,0.0,0.28916392
675,2023/06/16 13:18:35,quant_conv2d,1,4,8,0.9116,0.0,0.28920293
676,2023/06/16 13:18:39,quant_conv2d,1,1,9,0.9116,0.0,0.28917685
677,2023/06/16 13:18:43,quant_conv2d,1,2,9,0.9116,0.0,0.28918588
678,2023/06/16 13:18:46,quant_conv2d,1,3,9,0.9117,9.999999999998899e-05,0.28914937
679,2023/06/16 13:18:50,quant_conv2d,1,4,9,0.9119,0.000300000000000078,0.28915384
680,2023/06/16 13:18:53,quant_conv2d,1,1,10,0.9116,0.0,0.28915733
681,2023/06/16 13:18:57,quant_conv2d,1,2,10,0.9115,-9.999999999998899e-05,0.28918007
682,2023/06/16 13:19:01,quant_conv2d,1,3,10,0.9117,9.999999999998899e-05,0.28918076
683,2023/06/16 13:19:04,quant_conv2d,1,4,10,0.9117,9.999999999998899e-05,0.28916556
684,2023/06/16 13:19:08,quant_conv2d,1,1,11,0.9117,9.999999999998899e-05,0.28915986
685,2023/06/16 13:19:12,quant_conv2d,1,2,11,0.912,0.00040000000000006697,0.2892281
686,2023/06/16 13:19:16,quant_conv2d,1,3,11,0.9121,0.000500000000000056,0.28896877
687,2023/06/16 13:19:19,quant_conv2d,1,4,11,0.9116,0.0,0.28918153
688,2023/06/16 13:19:23,quant_conv2d,1,1,12,0.9118,0.000200000000000089,0.2892296
689,2023/06/16 13:19:26,quant_conv2d,1,2,12,0.9118,0.000200000000000089,0.28897914
690,2023/06/16 13:19:30,quant_conv2d,1,3,12,0.9118,0.000200000000000089,0.28891623
691,2023/06/16 13:19:34,quant_conv2d,1,4,12,0.9118,0.000200000000000089,0.289333
692,2023/06/16 13:19:37,quant_conv2d,1,1,13,0.9118,0.000200000000000089,0.2892706
693,2023/06/16 13:19:41,quant_conv2d,1,2,13,0.9118,0.000200000000000089,0.28947657
694,2023/06/16 13:19:44,quant_conv2d,1,3,13,0.9115,-9.999999999998899e-05,0.2890058
695,2023/06/16 13:19:48,quant_conv2d,1,4,13,0.9118,0.000200000000000089,0.28920656
696,2023/06/16 13:19:51,quant_conv2d,1,1,14,0.9115,-9.999999999998899e-05,0.2891761
697,2023/06/16 13:19:55,quant_conv2d,1,2,14,0.9122,0.0006000000000000449,0.28940827
698,2023/06/16 13:19:59,quant_conv2d,1,3,14,0.913,0.0014000000000000679,0.28899565
699,2023/06/16 13:20:03,quant_conv2d,1,4,14,0.9114,-0.00019999999999997797,0.2894784
700,2023/06/16 13:20:06,quant_conv2d,1,1,15,0.9117,9.999999999998899e-05,0.28951478
701,2023/06/16 13:20:10,quant_conv2d,1,2,15,0.9113,-0.00029999999999996696,0.29007345
702,2023/06/16 13:20:13,quant_conv2d,1,3,15,0.9116,0.0,0.28985697
703,2023/06/16 13:20:17,quant_conv2d,1,4,15,0.9105,-0.0010999999999999899,0.29000077
704,2023/06/16 13:20:20,quant_conv2d,1,1,16,0.9116,0.0,0.29029697
705,2023/06/16 13:20:25,quant_conv2d,1,2,16,0.9108,-0.0007999999999999119,0.29050675
706,2023/06/16 13:20:28,quant_conv2d,1,3,16,0.9114,-0.00019999999999997797,0.2923302
707,2023/06/16 13:20:32,quant_conv2d,1,4,16,0.9125,0.0009000000000000119,0.29089263
708,2023/06/16 13:20:35,quant_conv2d,1,1,17,0.9096,-0.0020000000000000018,0.29214564
709,2023/06/16 13:20:39,quant_conv2d,1,2,17,0.9099,-0.0016999999999999238,0.2970626
710,2023/06/16 13:20:43,quant_conv2d,1,3,17,0.9101,-0.0014999999999999458,0.2974573
711,2023/06/16 13:20:46,quant_conv2d,1,4,17,0.9099,-0.0016999999999999238,0.29999676
712,2023/06/16 13:20:50,quant_conv2d,1,1,18,0.9091,-0.0024999999999999467,0.3043373
713,2023/06/16 13:20:53,quant_conv2d,1,2,18,0.9043,-0.007299999999999973,0.32561293
714,2023/06/16 13:20:57,quant_conv2d,1,3,18,0.9025,-0.009099999999999997,0.33142528
715,2023/06/16 13:21:01,quant_conv2d,1,4,18,0.9012,-0.010399999999999965,0.36086503
716,2023/06/16 13:21:04,quant_conv2d,1,1,19,0.9029,-0.00869999999999993,0.33575317
717,2023/06/16 13:21:08,quant_conv2d,1,2,19,0.8934,-0.018199999999999994,0.40383708
718,2023/06/16 13:21:12,quant_conv2d,1,3,19,0.8817,-0.029899999999999927,0.47265273
719,2023/06/16 13:21:15,quant_conv2d,1,4,19,0.8737,-0.037899999999999934,0.5298277
720,2023/06/16 13:21:19,quant_conv2d,1,1,20,0.8852,-0.02639999999999998,0.45443183
721,2023/06/16 13:21:22,quant_conv2d,1,2,20,0.8569,-0.05469999999999997,0.61251533
722,2023/06/16 13:21:26,quant_conv2d,1,3,20,0.8364,-0.07519999999999993,0.7206821
723,2023/06/16 13:21:30,quant_conv2d,1,4,20,0.8065,-0.10509999999999997,0.9472799
724,2023/06/16 13:21:34,quant_conv2d,1,1,21,0.829,-0.0826,0.8520555
725,2023/06/16 13:21:37,quant_conv2d,1,2,21,0.7549,-0.15669999999999995,1.372217
726,2023/06/16 13:21:41,quant_conv2d,1,3,21,0.6887,-0.2229,1.9174328
727,2023/06/16 13:21:45,quant_conv2d,1,4,21,0.6398,-0.27179999999999993,2.3403668
728,2023/06/16 13:21:48,quant_conv2d,1,1,22,0.7126,-0.19899999999999995,2.0749211
729,2023/06/16 13:21:52,quant_conv2d,1,2,22,0.5882,-0.3234,3.3419142
730,2023/06/16 13:21:55,quant_conv2d,1,3,22,0.4832,-0.42839999999999995,4.438925
731,2023/06/16 13:21:59,quant_conv2d,1,4,22,0.4154,-0.4962,5.2518873
732,2023/06/16 13:22:03,quant_conv2d,1,1,23,0.6495,-0.2621,2.9408293
733,2023/06/16 13:22:06,quant_conv2d,1,2,23,0.475,-0.4366,5.025521
734,2023/06/16 13:22:10,quant_conv2d,1,3,23,0.3757,-0.5359,6.2768664
735,2023/06/16 13:22:14,quant_conv2d,1,4,23,0.3092,-0.6024,7.315569
736,2023/06/16 13:22:17,quant_conv2d,1,1,24,0.5949,-0.3167,3.7573984
737,2023/06/16 13:22:21,quant_conv2d,1,2,24,0.4221,-0.4895,5.922819
738,2023/06/16 13:22:25,quant_conv2d,1,3,24,0.3237,-0.5879,7.3144703
739,2023/06/16 13:22:29,quant_conv2d,1,4,24,0.2565,-0.6551,8.372738
740,2023/06/16 13:22:32,quant_conv2d,1,1,25,0.5892,-0.3224,3.895511
741,2023/06/16 13:22:36,quant_conv2d,1,2,25,0.4054,-0.5062,6.3351755
742,2023/06/16 13:22:39,quant_conv2d,1,3,25,0.3021,-0.6094999999999999,7.7342377
743,2023/06/16 13:22:43,quant_conv2d,1,4,25,0.237,-0.6746,8.770091
744,2023/06/16 13:22:46,quant_conv2d,1,1,26,0.5794,-0.33219999999999994,4.1375446
745,2023/06/16 13:22:50,quant_conv2d,1,2,26,0.3988,-0.5127999999999999,6.450855
746,2023/06/16 13:22:54,quant_conv2d,1,3,26,0.2847,-0.6269,7.973986
747,2023/06/16 13:22:57,quant_conv2d,1,4,26,0.2328,-0.6788,8.920511
748,2023/06/16 13:23:01,quant_conv2d,1,1,27,0.5671,-0.3444999999999999,4.273973
749,2023/06/16 13:23:04,quant_conv2d,1,2,27,0.3971,-0.5145,6.5242414
750,2023/06/16 13:23:08,quant_conv2d,1,3,27,0.2812,-0.6304,8.18093
751,2023/06/16 13:23:12,quant_conv2d,1,4,27,0.2296,-0.6819999999999999,8.930584
752,2023/06/16 13:23:15,quant_conv2d,1,1,28,0.5698,-0.3418,4.237107
753,2023/06/16 13:23:19,quant_conv2d,1,2,28,0.3919,-0.5196999999999999,6.568446
754,2023/06/16 13:23:23,quant_conv2d,1,3,28,0.2884,-0.6232,8.020282
755,2023/06/16 13:23:26,quant_conv2d,1,4,28,0.2237,-0.6879,9.05733
756,2023/06/16 13:23:30,quant_conv2d,1,1,29,0.5769,-0.3347,4.1761084
757,2023/06/16 13:23:33,quant_conv2d,1,2,29,0.3872,-0.5244,6.6636443
758,2023/06/16 13:23:37,quant_conv2d,1,3,29,0.2852,-0.6264,8.046869
759,2023/06/16 13:23:41,quant_conv2d,1,4,29,0.2299,-0.6817,8.993286
760,2023/06/16 13:23:44,quant_conv2d,1,1,30,0.5744,-0.33719999999999994,4.224996
761,2023/06/16 13:23:48,quant_conv2d,1,2,30,0.3868,-0.5247999999999999,6.6159554
762,2023/06/16 13:23:51,quant_conv2d,1,3,30,0.2856,-0.6259999999999999,8.093767
763,2023/06/16 13:23:55,quant_conv2d,1,4,30,0.2247,-0.6869,9.071599
764,2023/06/16 13:23:59,quant_conv2d,1,1,31,0.5577,-0.3539,4.5516396
765,2023/06/16 13:24:02,quant_conv2d,1,2,31,0.3663,-0.5452999999999999,7.0428243
766,2023/06/16 13:24:06,quant_conv2d,1,3,31,0.2558,-0.6557999999999999,8.633576
767,2023/06/16 13:24:09,quant_conv2d,1,4,31,0.2033,-0.7082999999999999,9.569221
768,2023/06/16 13:24:13,quant_conv2d,1,1,0,0.9116,0.0,0.2891834
769,2023/06/16 13:24:16,quant_conv2d,1,2,0,0.9116,0.0,0.2891834
770,2023/06/16 13:24:20,quant_conv2d,1,3,0,0.9116,0.0,0.2891834
771,2023/06/16 13:24:24,quant_conv2d,1,4,0,0.9116,0.0,0.2891834
772,2023/06/16 13:24:27,quant_conv2d,1,1,1,0.9116,0.0,0.2891834
773,2023/06/16 13:24:31,quant_conv2d,1,2,1,0.9116,0.0,0.2891834
774,2023/06/16 13:24:34,quant_conv2d,1,3,1,0.9116,0.0,0.2891834
775,2023/06/16 13:24:38,quant_conv2d,1,4,1,0.9116,0.0,0.2891834
776,2023/06/16 13:24:42,quant_conv2d,1,1,2,0.9116,0.0,0.2891834
777,2023/06/16 13:24:45,quant_conv2d,1,2,2,0.9116,0.0,0.28917506
778,2023/06/16 13:24:49,quant_conv2d,1,3,2,0.9116,0.0,0.28918424
779,2023/06/16 13:24:52,quant_conv2d,1,4,2,0.9116,0.0,0.28918546
780,2023/06/16 13:24:56,quant_conv2d,1,1,3,0.9116,0.0,0.28918317
781,2023/06/16 13:24:59,quant_conv2d,1,2,3,0.9116,0.0,0.28917906
782,2023/06/16 13:25:03,quant_conv2d,1,3,3,0.9116,0.0,0.2891834
783,2023/06/16 13:25:07,quant_conv2d,1,4,3,0.9116,0.0,0.28918344
784,2023/06/16 13:25:10,quant_conv2d,1,1,4,0.9116,0.0,0.28918543
785,2023/06/16 13:25:14,quant_conv2d,1,2,4,0.9116,0.0,0.2891828
786,2023/06/16 13:25:17,quant_conv2d,1,3,4,0.9116,0.0,0.28919193
787,2023/06/16 13:25:21,quant_conv2d,1,4,4,0.9116,0.0,0.28918362
788,2023/06/16 13:25:25,quant_conv2d,1,1,5,0.9116,0.0,0.28917843
789,2023/06/16 13:25:28,quant_conv2d,1,2,5,0.9116,0.0,0.2891643
790,2023/06/16 13:25:32,quant_conv2d,1,3,5,0.9116,0.0,0.28917626
791,2023/06/16 13:25:35,quant_conv2d,1,4,5,0.9116,0.0,0.28918773
792,2023/06/16 13:25:39,quant_conv2d,1,1,6,0.9116,0.0,0.28918356
793,2023/06/16 13:25:42,quant_conv2d,1,2,6,0.9116,0.0,0.28917813
794,2023/06/16 13:25:46,quant_conv2d,1,3,6,0.9115,-9.999999999998899e-05,0.28920782
795,2023/06/16 13:25:50,quant_conv2d,1,4,6,0.9116,0.0,0.28918266
796,2023/06/16 13:25:53,quant_conv2d,1,1,7,0.9116,0.0,0.28919023
797,2023/06/16 13:25:57,quant_conv2d,1,2,7,0.9116,0.0,0.28917247
798,2023/06/16 13:26:00,quant_conv2d,1,3,7,0.9117,9.999999999998899e-05,0.28917232
799,2023/06/16 13:26:04,quant_conv2d,1,4,7,0.9117,9.999999999998899e-05,0.28915298
800,2023/06/16 13:26:07,quant_conv2d,1,1,8,0.9116,0.0,0.28919747
801,2023/06/16 13:26:11,quant_conv2d,1,2,8,0.9116,0.0,0.2891475
802,2023/06/16 13:26:15,quant_conv2d,1,3,8,0.9116,0.0,0.2892404
803,2023/06/16 13:26:18,quant_conv2d,1,4,8,0.9117,9.999999999998899e-05,0.28920233
804,2023/06/16 13:26:22,quant_conv2d,1,1,9,0.9116,0.0,0.28920323
805,2023/06/16 13:26:25,quant_conv2d,1,2,9,0.9116,0.0,0.28918177
806,2023/06/16 13:26:29,quant_conv2d,1,3,9,0.9114,-0.00019999999999997797,0.2892226
807,2023/06/16 13:26:33,quant_conv2d,1,4,9,0.9116,0.0,0.289171
808,2023/06/16 13:26:36,quant_conv2d,1,1,10,0.9117,9.999999999998899e-05,0.28914228
809,2023/06/16 13:26:40,quant_conv2d,1,2,10,0.912,0.00040000000000006697,0.2890935
810,2023/06/16 13:26:43,quant_conv2d,1,3,10,0.9115,-9.999999999998899e-05,0.28931925
811,2023/06/16 13:26:47,quant_conv2d,1,4,10,0.9116,0.0,0.28919598
812,2023/06/16 13:26:51,quant_conv2d,1,1,11,0.9116,0.0,0.28918493
813,2023/06/16 13:26:55,quant_conv2d,1,2,11,0.9118,0.000200000000000089,0.28916475
814,2023/06/16 13:26:58,quant_conv2d,1,3,11,0.9113,-0.00029999999999996696,0.2891976
815,2023/06/16 13:27:02,quant_conv2d,1,4,11,0.9116,0.0,0.28920704
816,2023/06/16 13:27:05,quant_conv2d,1,1,12,0.912,0.00040000000000006697,0.28911504
817,2023/06/16 13:27:09,quant_conv2d,1,2,12,0.9116,0.0,0.2893188
818,2023/06/16 13:27:13,quant_conv2d,1,3,12,0.9117,9.999999999998899e-05,0.28907007
819,2023/06/16 13:27:16,quant_conv2d,1,4,12,0.9115,-9.999999999998899e-05,0.2892122
820,2023/06/16 13:27:20,quant_conv2d,1,1,13,0.9117,9.999999999998899e-05,0.28913623
821,2023/06/16 13:27:23,quant_conv2d,1,2,13,0.9116,0.0,0.28936547
822,2023/06/16 13:27:27,quant_conv2d,1,3,13,0.912,0.00040000000000006697,0.28928012
823,2023/06/16 13:27:31,quant_conv2d,1,4,13,0.9127,0.0010999999999999899,0.28931454
824,2023/06/16 13:27:35,quant_conv2d,1,1,14,0.9112,-0.00039999999999995595,0.2889815
825,2023/06/16 13:27:39,quant_conv2d,1,2,14,0.9117,9.999999999998899e-05,0.28944445
826,2023/06/16 13:27:42,quant_conv2d,1,3,14,0.9116,0.0,0.2892575
827,2023/06/16 13:27:46,quant_conv2d,1,4,14,0.9112,-0.00039999999999995595,0.28885156
828,2023/06/16 13:27:49,quant_conv2d,1,1,15,0.912,0.00040000000000006697,0.289684
829,2023/06/16 13:27:53,quant_conv2d,1,2,15,0.9118,0.000200000000000089,0.28948456
830,2023/06/16 13:27:56,quant_conv2d,1,3,15,0.9109,-0.0006999999999999229,0.28995538
831,2023/06/16 13:28:00,quant_conv2d,1,4,15,0.9118,0.000200000000000089,0.2899637
832,2023/06/16 13:28:03,quant_conv2d,1,1,16,0.9124,0.0008000000000000229,0.2903439
833,2023/06/16 13:28:07,quant_conv2d,1,2,16,0.9104,-0.0011999999999999789,0.29140362
834,2023/06/16 13:28:11,quant_conv2d,1,3,16,0.9106,-0.0010000000000000009,0.29149953
835,2023/06/16 13:28:14,quant_conv2d,1,4,16,0.912,0.00040000000000006697,0.28965655
836,2023/06/16 13:28:18,quant_conv2d,1,1,17,0.9109,-0.0006999999999999229,0.2945053
837,2023/06/16 13:28:21,quant_conv2d,1,2,17,0.912,0.00040000000000006697,0.29469663
838,2023/06/16 13:28:25,quant_conv2d,1,3,17,0.9097,-0.0019000000000000128,0.29613394
839,2023/06/16 13:28:28,quant_conv2d,1,4,17,0.9078,-0.0037999999999999146,0.3004937
840,2023/06/16 13:28:32,quant_conv2d,1,1,18,0.9077,-0.0039000000000000146,0.3045855
841,2023/06/16 13:28:36,quant_conv2d,1,2,18,0.9046,-0.007000000000000006,0.32669634
842,2023/06/16 13:28:39,quant_conv2d,1,3,18,0.9043,-0.007299999999999973,0.33138755
843,2023/06/16 13:28:43,quant_conv2d,1,4,18,0.902,-0.009599999999999942,0.338657
844,2023/06/16 13:28:46,quant_conv2d,1,1,19,0.9005,-0.011099999999999999,0.35630688
845,2023/06/16 13:28:50,quant_conv2d,1,2,19,0.8944,-0.017199999999999993,0.3856895
846,2023/06/16 13:28:53,quant_conv2d,1,3,19,0.8802,-0.031399999999999983,0.48081967
847,2023/06/16 13:28:58,quant_conv2d,1,4,19,0.8728,-0.038799999999999946,0.5230811
848,2023/06/16 13:29:01,quant_conv2d,1,1,20,0.8812,-0.030399999999999983,0.46226358
849,2023/06/16 13:29:06,quant_conv2d,1,2,20,0.8565,-0.05509999999999993,0.6070839
850,2023/06/16 13:29:10,quant_conv2d,1,3,20,0.8332,-0.07839999999999991,0.75852734
851,2023/06/16 13:29:14,quant_conv2d,1,4,20,0.8084,-0.10319999999999996,0.9073113
852,2023/06/16 13:29:22,quant_conv2d,1,1,21,0.8253,-0.08629999999999993,0.88015527
853,2023/06/16 13:29:25,quant_conv2d,1,2,21,0.7611,-0.15049999999999997,1.3439791
854,2023/06/16 13:29:29,quant_conv2d,1,3,21,0.6996,-0.21199999999999997,1.8753448
855,2023/06/16 13:29:33,quant_conv2d,1,4,21,0.6414,-0.2702,2.370105
856,2023/06/16 13:29:37,quant_conv2d,1,1,22,0.716,-0.1956,1.9871143
857,2023/06/16 13:29:40,quant_conv2d,1,2,22,0.5858,-0.3258,3.2909312
858,2023/06/16 13:29:44,quant_conv2d,1,3,22,0.4835,-0.4281,4.4070587
859,2023/06/16 13:29:48,quant_conv2d,1,4,22,0.4201,-0.4915,5.238464
860,2023/06/16 13:29:52,quant_conv2d,1,1,23,0.6319,-0.27969999999999995,3.1476107
861,2023/06/16 13:29:56,quant_conv2d,1,2,23,0.4745,-0.4371,4.969646
862,2023/06/16 13:30:00,quant_conv2d,1,3,23,0.3655,-0.5461,6.4271703
863,2023/06/16 13:30:04,quant_conv2d,1,4,23,0.306,-0.6055999999999999,7.2651587
864,2023/06/16 13:30:07,quant_conv2d,1,1,24,0.5977,-0.31389999999999996,3.7583547
865,2023/06/16 13:30:11,quant_conv2d,1,2,24,0.4242,-0.48739999999999994,5.9402285
866,2023/06/16 13:30:15,quant_conv2d,1,3,24,0.3204,-0.5912,7.3156366
867,2023/06/16 13:30:20,quant_conv2d,1,4,24,0.2491,-0.6625,8.381382
868,2023/06/16 13:30:23,quant_conv2d,1,1,25,0.5824,-0.32919999999999994,3.980478
869,2023/06/16 13:30:27,quant_conv2d,1,2,25,0.4102,-0.5014,6.17574
870,2023/06/16 13:30:31,quant_conv2d,1,3,25,0.2937,-0.6178999999999999,7.8778157
871,2023/06/16 13:30:35,quant_conv2d,1,4,25,0.2332,-0.6784,8.750771
872,2023/06/16 13:30:38,quant_conv2d,1,1,26,0.5774,-0.33419999999999994,4.1103635
873,2023/06/16 13:30:42,quant_conv2d,1,2,26,0.3952,-0.5164,6.4427876
874,2023/06/16 13:30:45,quant_conv2d,1,3,26,0.2863,-0.6253,7.9550242
875,2023/06/16 13:30:49,quant_conv2d,1,4,26,0.2299,-0.6817,8.910663
876,2023/06/16 13:30:52,quant_conv2d,1,1,27,0.5787,-0.3329,4.132146
877,2023/06/16 13:30:56,quant_conv2d,1,2,27,0.3924,-0.5191999999999999,6.539564
878,2023/06/16 13:31:00,quant_conv2d,1,3,27,0.2853,-0.6263,8.086764
879,2023/06/16 13:31:03,quant_conv2d,1,4,27,0.229,-0.6826,8.9750185
880,2023/06/16 13:31:07,quant_conv2d,1,1,28,0.573,-0.3386,4.1680474
881,2023/06/16 13:31:11,quant_conv2d,1,2,28,0.3913,-0.5203,6.595325
882,2023/06/16 13:31:15,quant_conv2d,1,3,28,0.2812,-0.6304,8.143763
883,2023/06/16 13:31:19,quant_conv2d,1,4,28,0.2349,-0.6767,8.968726
884,2023/06/16 13:31:23,quant_conv2d,1,1,29,0.5729,-0.3387,4.208578
885,2023/06/16 13:31:26,quant_conv2d,1,2,29,0.3924,-0.5191999999999999,6.581243
886,2023/06/16 13:31:30,quant_conv2d,1,3,29,0.2852,-0.6264,8.107853
887,2023/06/16 13:31:33,quant_conv2d,1,4,29,0.2256,-0.6859999999999999,9.052932
888,2023/06/16 13:31:37,quant_conv2d,1,1,30,0.5678,-0.3438,4.260687
889,2023/06/16 13:31:40,quant_conv2d,1,2,30,0.3907,-0.5208999999999999,6.5188622
890,2023/06/16 13:31:44,quant_conv2d,1,3,30,0.282,-0.6295999999999999,8.110621
891,2023/06/16 13:31:47,quant_conv2d,1,4,30,0.2343,-0.6773,8.906011
892,2023/06/16 13:31:51,quant_conv2d,1,1,31,0.5639,-0.3477,4.523441
893,2023/06/16 13:31:55,quant_conv2d,1,2,31,0.3725,-0.5390999999999999,7.093656
894,2023/06/16 13:31:59,quant_conv2d,1,3,31,0.261,-0.6506,8.602667
895,2023/06/16 13:32:03,quant_conv2d,1,4,31,0.2074,-0.7041999999999999,9.525017
896,2023/06/16 13:32:07,quant_conv2d,1,1,0,0.9116,0.0,0.2891834
897,2023/06/16 13:32:10,quant_conv2d,1,2,0,0.9116,0.0,0.2891834
898,2023/06/16 13:32:13,quant_conv2d,1,3,0,0.9116,0.0,0.2891834
899,2023/06/16 13:32:17,quant_conv2d,1,4,0,0.9116,0.0,0.2891834
900,2023/06/16 13:32:20,quant_conv2d,1,1,1,0.9116,0.0,0.28918388
901,2023/06/16 13:32:24,quant_conv2d,1,2,1,0.9116,0.0,0.28918388
902,2023/06/16 13:32:27,quant_conv2d,1,3,1,0.9116,0.0,0.2891834
903,2023/06/16 13:32:31,quant_conv2d,1,4,1,0.9116,0.0,0.28918344
904,2023/06/16 13:32:34,quant_conv2d,1,1,2,0.9116,0.0,0.2891834
905,2023/06/16 13:32:38,quant_conv2d,1,2,2,0.9116,0.0,0.2891834
906,2023/06/16 13:32:41,quant_conv2d,1,3,2,0.9116,0.0,0.2891834
907,2023/06/16 13:32:44,quant_conv2d,1,4,2,0.9116,0.0,0.2891834
908,2023/06/16 13:32:48,quant_conv2d,1,1,3,0.9116,0.0,0.2891834
909,2023/06/16 13:32:51,quant_conv2d,1,2,3,0.9116,0.0,0.2891834
910,2023/06/16 13:32:54,quant_conv2d,1,3,3,0.9116,0.0,0.2891834
911,2023/06/16 13:32:58,quant_conv2d,1,4,3,0.9116,0.0,0.28919145
912,2023/06/16 13:33:01,quant_conv2d,1,1,4,0.9116,0.0,0.2891834
913,2023/06/16 13:33:04,quant_conv2d,1,2,4,0.9116,0.0,0.28918505
914,2023/06/16 13:33:08,quant_conv2d,1,3,4,0.9116,0.0,0.28917316
915,2023/06/16 13:33:11,quant_conv2d,1,4,4,0.9116,0.0,0.28918374
916,2023/06/16 13:33:14,quant_conv2d,1,1,5,0.9115,-9.999999999998899e-05,0.28919873
917,2023/06/16 13:33:18,quant_conv2d,1,2,5,0.9117,9.999999999998899e-05,0.2891583
918,2023/06/16 13:33:21,quant_conv2d,1,3,5,0.9116,0.0,0.28916577
919,2023/06/16 13:33:25,quant_conv2d,1,4,5,0.9116,0.0,0.28917062
920,2023/06/16 13:33:28,quant_conv2d,1,1,6,0.9116,0.0,0.28915846
921,2023/06/16 13:33:31,quant_conv2d,1,2,6,0.9116,0.0,0.28918394
922,2023/06/16 13:33:34,quant_conv2d,1,3,6,0.9116,0.0,0.28913778
923,2023/06/16 13:33:38,quant_conv2d,1,4,6,0.9115,-9.999999999998899e-05,0.28924713
924,2023/06/16 13:33:41,quant_conv2d,1,1,7,0.9115,-9.999999999998899e-05,0.2892072
925,2023/06/16 13:33:45,quant_conv2d,1,2,7,0.9116,0.0,0.28918964
926,2023/06/16 13:33:48,quant_conv2d,1,3,7,0.9116,0.0,0.28913942
927,2023/06/16 13:33:51,quant_conv2d,1,4,7,0.9117,9.999999999998899e-05,0.28917813
928,2023/06/16 13:33:55,quant_conv2d,1,1,8,0.9116,0.0,0.28917655
929,2023/06/16 13:33:58,quant_conv2d,1,2,8,0.9115,-9.999999999998899e-05,0.28925914
930,2023/06/16 13:34:01,quant_conv2d,1,3,8,0.9116,0.0,0.28918064
931,2023/06/16 13:34:05,quant_conv2d,1,4,8,0.9119,0.000300000000000078,0.28913632
932,2023/06/16 13:34:08,quant_conv2d,1,1,9,0.9116,0.0,0.28921458
933,2023/06/16 13:34:12,quant_conv2d,1,2,9,0.9116,0.0,0.28917024
934,2023/06/16 13:34:15,quant_conv2d,1,3,9,0.9114,-0.00019999999999997797,0.28918433
935,2023/06/16 13:34:18,quant_conv2d,1,4,9,0.9116,0.0,0.28921586
936,2023/06/16 13:34:22,quant_conv2d,1,1,10,0.9116,0.0,0.28920814
937,2023/06/16 13:34:25,quant_conv2d,1,2,10,0.9117,9.999999999998899e-05,0.289246
938,2023/06/16 13:34:29,quant_conv2d,1,3,10,0.9116,0.0,0.28914982
939,2023/06/16 13:34:32,quant_conv2d,1,4,10,0.9119,0.000300000000000078,0.28916323
940,2023/06/16 13:34:36,quant_conv2d,1,1,11,0.9117,9.999999999998899e-05,0.289205
941,2023/06/16 13:34:39,quant_conv2d,1,2,11,0.9116,0.0,0.28914383
942,2023/06/16 13:34:42,quant_conv2d,1,3,11,0.9115,-9.999999999998899e-05,0.289235
943,2023/06/16 13:34:46,quant_conv2d,1,4,11,0.9121,0.000500000000000056,0.28918463
944,2023/06/16 13:34:49,quant_conv2d,1,1,12,0.9117,9.999999999998899e-05,0.28918314
945,2023/06/16 13:34:52,quant_conv2d,1,2,12,0.9121,0.000500000000000056,0.2892332
946,2023/06/16 13:34:56,quant_conv2d,1,3,12,0.9117,9.999999999998899e-05,0.28932446
947,2023/06/16 13:34:59,quant_conv2d,1,4,12,0.9119,0.000300000000000078,0.28918207
948,2023/06/16 13:35:03,quant_conv2d,1,1,13,0.9115,-9.999999999998899e-05,0.28926277
949,2023/06/16 13:35:06,quant_conv2d,1,2,13,0.9118,0.000200000000000089,0.28930792
950,2023/06/16 13:35:09,quant_conv2d,1,3,13,0.9118,0.000200000000000089,0.28927633
951,2023/06/16 13:35:13,quant_conv2d,1,4,13,0.9112,-0.00039999999999995595,0.2891418
952,2023/06/16 13:35:16,quant_conv2d,1,1,14,0.9121,0.000500000000000056,0.28893402
953,2023/06/16 13:35:19,quant_conv2d,1,2,14,0.9122,0.0006000000000000449,0.28937694
954,2023/06/16 13:35:23,quant_conv2d,1,3,14,0.9112,-0.00039999999999995595,0.2893895
955,2023/06/16 13:35:26,quant_conv2d,1,4,14,0.9122,0.0006000000000000449,0.28927344
956,2023/06/16 13:35:30,quant_conv2d,1,1,15,0.9122,0.0006000000000000449,0.28950801
957,2023/06/16 13:35:33,quant_conv2d,1,2,15,0.9111,-0.0004999999999999449,0.2896577
958,2023/06/16 13:35:36,quant_conv2d,1,3,15,0.9126,0.0010000000000000009,0.28942114
959,2023/06/16 13:35:40,quant_conv2d,1,4,15,0.9117,9.999999999998899e-05,0.28993204
960,2023/06/16 13:35:43,quant_conv2d,1,1,16,0.9113,-0.00029999999999996696,0.2901948
961,2023/06/16 13:35:46,quant_conv2d,1,2,16,0.9101,-0.0014999999999999458,0.2921113
962,2023/06/16 13:35:50,quant_conv2d,1,3,16,0.9115,-9.999999999998899e-05,0.2898753
963,2023/06/16 13:35:53,quant_conv2d,1,4,16,0.912,0.00040000000000006697,0.29165557
964,2023/06/16 13:35:56,quant_conv2d,1,1,17,0.9111,-0.0004999999999999449,0.29259422
965,2023/06/16 13:35:59,quant_conv2d,1,2,17,0.9103,-0.0012999999999999678,0.29576704
966,2023/06/16 13:36:03,quant_conv2d,1,3,17,0.9103,-0.0012999999999999678,0.29776025
967,2023/06/16 13:36:06,quant_conv2d,1,4,17,0.9088,-0.0027999999999999137,0.29828632
968,2023/06/16 13:36:10,quant_conv2d,1,1,18,0.9083,-0.0032999999999999696,0.3066471
969,2023/06/16 13:36:13,quant_conv2d,1,2,18,0.9066,-0.0050000000000000044,0.31561548
970,2023/06/16 13:36:17,quant_conv2d,1,3,18,0.9017,-0.00990000000000002,0.34452152
971,2023/06/16 13:36:20,quant_conv2d,1,4,18,0.9002,-0.011399999999999966,0.3505147
972,2023/06/16 13:36:24,quant_conv2d,1,1,19,0.9002,-0.011399999999999966,0.35445413
973,2023/06/16 13:36:27,quant_conv2d,1,2,19,0.8909,-0.02069999999999994,0.39907637
974,2023/06/16 13:36:30,quant_conv2d,1,3,19,0.8826,-0.028999999999999915,0.4548554
975,2023/06/16 13:36:34,quant_conv2d,1,4,19,0.8715,-0.040099999999999913,0.545464
976,2023/06/16 13:36:37,quant_conv2d,1,1,20,0.8847,-0.026899999999999924,0.43045405
977,2023/06/16 13:36:41,quant_conv2d,1,2,20,0.8547,-0.05689999999999995,0.63047075
978,2023/06/16 13:36:45,quant_conv2d,1,3,20,0.8328,-0.07879999999999998,0.7729442
979,2023/06/16 13:36:49,quant_conv2d,1,4,20,0.8153,-0.09629999999999994,0.89489853
980,2023/06/16 13:36:52,quant_conv2d,1,1,21,0.8277,-0.08389999999999997,0.87030274
981,2023/06/16 13:36:56,quant_conv2d,1,2,21,0.7508,-0.16079999999999994,1.427039
982,2023/06/16 13:36:59,quant_conv2d,1,3,21,0.6916,-0.21999999999999997,1.946216
983,2023/06/16 13:37:03,quant_conv2d,1,4,21,0.6348,-0.27679999999999993,2.4196723
984,2023/06/16 13:37:06,quant_conv2d,1,1,22,0.7217,-0.18989999999999996,2.0355306
985,2023/06/16 13:37:10,quant_conv2d,1,2,22,0.5845,-0.32709999999999995,3.3777711
986,2023/06/16 13:37:13,quant_conv2d,1,3,22,0.4909,-0.42069999999999996,4.314468
987,2023/06/16 13:37:17,quant_conv2d,1,4,22,0.4236,-0.488,5.218279
988,2023/06/16 13:37:20,quant_conv2d,1,1,23,0.6429,-0.26869999999999994,3.0662422
989,2023/06/16 13:37:23,quant_conv2d,1,2,23,0.4787,-0.43289999999999995,4.951886
990,2023/06/16 13:37:27,quant_conv2d,1,3,23,0.3706,-0.5409999999999999,6.3756337
991,2023/06/16 13:37:30,quant_conv2d,1,4,23,0.3102,-0.6013999999999999,7.2579126
992,2023/06/16 13:37:33,quant_conv2d,1,1,24,0.6009,-0.3107,3.6354759
993,2023/06/16 13:37:37,quant_conv2d,1,2,24,0.4222,-0.48939999999999995,5.943333
994,2023/06/16 13:37:40,quant_conv2d,1,3,24,0.3199,-0.5916999999999999,7.3243017
995,2023/06/16 13:37:44,quant_conv2d,1,4,24,0.2517,-0.6598999999999999,8.393293
996,2023/06/16 13:37:47,quant_conv2d,1,1,25,0.5768,-0.3348,4.145179
997,2023/06/16 13:37:50,quant_conv2d,1,2,25,0.3998,-0.5118,6.306347
998,2023/06/16 13:37:54,quant_conv2d,1,3,25,0.2894,-0.6222,7.9108233
999,2023/06/16 13:37:57,quant_conv2d,1,4,25,0.2399,-0.6717,8.722835
1000,2023/06/16 13:38:01,quant_conv2d,1,1,26,0.5753,-0.33629999999999993,4.1262794
1001,2023/06/16 13:38:04,quant_conv2d,1,2,26,0.3903,-0.5213,6.533882
1002,2023/06/16 13:38:08,quant_conv2d,1,3,26,0.296,-0.6155999999999999,7.890581
1003,2023/06/16 13:38:12,quant_conv2d,1,4,26,0.2297,-0.6819,8.932001
1004,2023/06/16 13:38:15,quant_conv2d,1,1,27,0.572,-0.3396,4.2001944
1005,2023/06/16 13:38:18,quant_conv2d,1,2,27,0.3975,-0.5141,6.4749813
1006,2023/06/16 13:38:22,quant_conv2d,1,3,27,0.2824,-0.6292,8.073495
1007,2023/06/16 13:38:26,quant_conv2d,1,4,27,0.2331,-0.6785,8.936012
1008,2023/06/16 13:38:29,quant_conv2d,1,1,28,0.5747,-0.3369,4.2099257
1009,2023/06/16 13:38:32,quant_conv2d,1,2,28,0.3877,-0.5239,6.5781827
1010,2023/06/16 13:38:36,quant_conv2d,1,3,28,0.2962,-0.6154,7.982067
1011,2023/06/16 13:38:39,quant_conv2d,1,4,28,0.2298,-0.6818,9.01696
1012,2023/06/16 13:38:43,quant_conv2d,1,1,29,0.5693,-0.34229999999999994,4.197135
1013,2023/06/16 13:38:46,quant_conv2d,1,2,29,0.3808,-0.5307999999999999,6.6424875
1014,2023/06/16 13:38:50,quant_conv2d,1,3,29,0.2904,-0.6212,7.9606814
1015,2023/06/16 13:38:53,quant_conv2d,1,4,29,0.2203,-0.6913,9.007951
1016,2023/06/16 13:38:57,quant_conv2d,1,1,30,0.5812,-0.3303999999999999,4.1067185
1017,2023/06/16 13:39:00,quant_conv2d,1,2,30,0.3859,-0.5257,6.648588
1018,2023/06/16 13:39:04,quant_conv2d,1,3,30,0.2775,-0.6340999999999999,8.160994
1019,2023/06/16 13:39:07,quant_conv2d,1,4,30,0.2154,-0.6961999999999999,9.072645
1020,2023/06/16 13:39:10,quant_conv2d,1,1,31,0.5504,-0.36119999999999997,4.5814123
1021,2023/06/16 13:39:14,quant_conv2d,1,2,31,0.3663,-0.5452999999999999,7.1670365
1022,2023/06/16 13:39:17,quant_conv2d,1,3,31,0.2584,-0.6532,8.6245775
1023,2023/06/16 13:39:20,quant_conv2d,1,4,31,0.2019,-0.7097,9.613208
1024,2023/06/16 13:39:24,quant_conv2d,1,1,0,0.9116,0.0,0.2891834
1025,2023/06/16 13:39:27,quant_conv2d,1,2,0,0.9116,0.0,0.2891834
1026,2023/06/16 13:39:30,quant_conv2d,1,3,0,0.9116,0.0,0.2891834
1027,2023/06/16 13:39:34,quant_conv2d,1,4,0,0.9116,0.0,0.2891834
1028,2023/06/16 13:39:37,quant_conv2d,1,1,1,0.9116,0.0,0.2891834
1029,2023/06/16 13:39:40,quant_conv2d,1,2,1,0.9116,0.0,0.2891834
1030,2023/06/16 13:39:44,quant_conv2d,1,3,1,0.9116,0.0,0.2891834
1031,2023/06/16 13:39:47,quant_conv2d,1,4,1,0.9116,0.0,0.2891834
1032,2023/06/16 13:39:51,quant_conv2d,1,1,2,0.9116,0.0,0.28918654
1033,2023/06/16 13:39:55,quant_conv2d,1,2,2,0.9116,0.0,0.2891833
1034,2023/06/16 13:39:58,quant_conv2d,1,3,2,0.9116,0.0,0.2891834
1035,2023/06/16 13:40:01,quant_conv2d,1,4,2,0.9116,0.0,0.28917906
1036,2023/06/16 13:40:05,quant_conv2d,1,1,3,0.9116,0.0,0.2891834
1037,2023/06/16 13:40:08,quant_conv2d,1,2,3,0.9116,0.0,0.289184
1038,2023/06/16 13:40:12,quant_conv2d,1,3,3,0.9116,0.0,0.28918353
1039,2023/06/16 13:40:15,quant_conv2d,1,4,3,0.9116,0.0,0.28918353
1040,2023/06/16 13:40:19,quant_conv2d,1,1,4,0.9116,0.0,0.2891834
1041,2023/06/16 13:40:22,quant_conv2d,1,2,4,0.9116,0.0,0.2891895
1042,2023/06/16 13:40:26,quant_conv2d,1,3,4,0.9116,0.0,0.2891936
1043,2023/06/16 13:40:29,quant_conv2d,1,4,4,0.9116,0.0,0.2891819
1044,2023/06/16 13:40:32,quant_conv2d,1,1,5,0.9116,0.0,0.28917894
1045,2023/06/16 13:40:36,quant_conv2d,1,2,5,0.9116,0.0,0.28918803
1046,2023/06/16 13:40:39,quant_conv2d,1,3,5,0.9116,0.0,0.28918228
1047,2023/06/16 13:40:43,quant_conv2d,1,4,5,0.9118,0.000200000000000089,0.28915277
1048,2023/06/16 13:40:46,quant_conv2d,1,1,6,0.9115,-9.999999999998899e-05,0.28918695
1049,2023/06/16 13:40:49,quant_conv2d,1,2,6,0.9116,0.0,0.28915697
1050,2023/06/16 13:40:52,quant_conv2d,1,3,6,0.9116,0.0,0.28918317
1051,2023/06/16 13:40:56,quant_conv2d,1,4,6,0.9115,-9.999999999998899e-05,0.28920883
1052,2023/06/16 13:40:59,quant_conv2d,1,1,7,0.9116,0.0,0.2891883
1053,2023/06/16 13:41:02,quant_conv2d,1,2,7,0.9116,0.0,0.289193
1054,2023/06/16 13:41:06,quant_conv2d,1,3,7,0.9116,0.0,0.28916728
1055,2023/06/16 13:41:09,quant_conv2d,1,4,7,0.9116,0.0,0.28920823
1056,2023/06/16 13:41:12,quant_conv2d,1,1,8,0.9116,0.0,0.289186
1057,2023/06/16 13:41:16,quant_conv2d,1,2,8,0.9116,0.0,0.28916335
1058,2023/06/16 13:41:19,quant_conv2d,1,3,8,0.9117,9.999999999998899e-05,0.289225
1059,2023/06/16 13:41:23,quant_conv2d,1,4,8,0.9116,0.0,0.28906208
1060,2023/06/16 13:41:26,quant_conv2d,1,1,9,0.9115,-9.999999999998899e-05,0.2891925
1061,2023/06/16 13:41:30,quant_conv2d,1,2,9,0.9117,9.999999999998899e-05,0.28923485
1062,2023/06/16 13:41:33,quant_conv2d,1,3,9,0.9117,9.999999999998899e-05,0.2892253
1063,2023/06/16 13:41:37,quant_conv2d,1,4,9,0.9114,-0.00019999999999997797,0.28911185
1064,2023/06/16 13:41:40,quant_conv2d,1,1,10,0.9116,0.0,0.2891539
1065,2023/06/16 13:41:43,quant_conv2d,1,2,10,0.9118,0.000200000000000089,0.28911236
1066,2023/06/16 13:41:47,quant_conv2d,1,3,10,0.9115,-9.999999999998899e-05,0.28926304
1067,2023/06/16 13:41:50,quant_conv2d,1,4,10,0.9116,0.0,0.289208
1068,2023/06/16 13:41:54,quant_conv2d,1,1,11,0.9117,9.999999999998899e-05,0.289108
1069,2023/06/16 13:41:57,quant_conv2d,1,2,11,0.9114,-0.00019999999999997797,0.2891522
1070,2023/06/16 13:42:01,quant_conv2d,1,3,11,0.9118,0.000200000000000089,0.28912845
1071,2023/06/16 13:42:04,quant_conv2d,1,4,11,0.9116,0.0,0.28920588
1072,2023/06/16 13:42:08,quant_conv2d,1,1,12,0.9117,9.999999999998899e-05,0.28925478
1073,2023/06/16 13:42:11,quant_conv2d,1,2,12,0.9116,0.0,0.28910673
1074,2023/06/16 13:42:15,quant_conv2d,1,3,12,0.9116,0.0,0.28931034
1075,2023/06/16 13:42:18,quant_conv2d,1,4,12,0.9119,0.000300000000000078,0.28939408
1076,2023/06/16 13:42:22,quant_conv2d,1,1,13,0.9116,0.0,0.2891129
1077,2023/06/16 13:42:25,quant_conv2d,1,2,13,0.9115,-9.999999999998899e-05,0.2890955
1078,2023/06/16 13:42:28,quant_conv2d,1,3,13,0.9121,0.000500000000000056,0.28929603
1079,2023/06/16 13:42:32,quant_conv2d,1,4,13,0.9118,0.000200000000000089,0.28912407
1080,2023/06/16 13:42:35,quant_conv2d,1,1,14,0.9124,0.0008000000000000229,0.2892207
1081,2023/06/16 13:42:38,quant_conv2d,1,2,14,0.912,0.00040000000000006697,0.28911236
1082,2023/06/16 13:42:42,quant_conv2d,1,3,14,0.9119,0.000300000000000078,0.28928843
1083,2023/06/16 13:42:45,quant_conv2d,1,4,14,0.9113,-0.00029999999999996696,0.2891762
1084,2023/06/16 13:42:48,quant_conv2d,1,1,15,0.9113,-0.00029999999999996696,0.28975645
1085,2023/06/16 13:42:52,quant_conv2d,1,2,15,0.9117,9.999999999998899e-05,0.2893217
1086,2023/06/16 13:42:55,quant_conv2d,1,3,15,0.9123,0.0007000000000000339,0.28913653
1087,2023/06/16 13:42:58,quant_conv2d,1,4,15,0.9113,-0.00029999999999996696,0.2897102
1088,2023/06/16 13:43:01,quant_conv2d,1,1,16,0.9115,-9.999999999998899e-05,0.28968984
1089,2023/06/16 13:43:05,quant_conv2d,1,2,16,0.912,0.00040000000000006697,0.29062715
1090,2023/06/16 13:43:08,quant_conv2d,1,3,16,0.9111,-0.0004999999999999449,0.29278964
1091,2023/06/16 13:43:11,quant_conv2d,1,4,16,0.9111,-0.0004999999999999449,0.29253224
1092,2023/06/16 13:43:15,quant_conv2d,1,1,17,0.9104,-0.0011999999999999789,0.2924916
1093,2023/06/16 13:43:18,quant_conv2d,1,2,17,0.9093,-0.0022999999999999687,0.29765838
1094,2023/06/16 13:43:22,quant_conv2d,1,3,17,0.9101,-0.0014999999999999458,0.29575866
1095,2023/06/16 13:43:25,quant_conv2d,1,4,17,0.9102,-0.0013999999999999568,0.30306706
1096,2023/06/16 13:43:29,quant_conv2d,1,1,18,0.9082,-0.0033999999999999586,0.30552673
1097,2023/06/16 13:43:32,quant_conv2d,1,2,18,0.9035,-0.008099999999999996,0.3216731
1098,2023/06/16 13:43:35,quant_conv2d,1,3,18,0.901,-0.010599999999999943,0.33991933
1099,2023/06/16 13:43:39,quant_conv2d,1,4,18,0.9024,-0.009199999999999986,0.35161927
1100,2023/06/16 13:43:42,quant_conv2d,1,1,19,0.9025,-0.009099999999999997,0.3489964
1101,2023/06/16 13:43:45,quant_conv2d,1,2,19,0.8906,-0.02100000000000002,0.41833398
1102,2023/06/16 13:43:48,quant_conv2d,1,3,19,0.884,-0.027599999999999958,0.45284018
1103,2023/06/16 13:43:52,quant_conv2d,1,4,19,0.8724,-0.03920000000000001,0.52467424
1104,2023/06/16 13:43:55,quant_conv2d,1,1,20,0.8839,-0.027699999999999947,0.46555057
1105,2023/06/16 13:43:58,quant_conv2d,1,2,20,0.8568,-0.05479999999999996,0.59450763
1106,2023/06/16 13:44:02,quant_conv2d,1,3,20,0.8351,-0.07650000000000001,0.7625471
1107,2023/06/16 13:44:05,quant_conv2d,1,4,20,0.8116,-0.09999999999999998,0.9031109
1108,2023/06/16 13:44:09,quant_conv2d,1,1,21,0.8234,-0.08819999999999995,0.87424415
1109,2023/06/16 13:44:12,quant_conv2d,1,2,21,0.755,-0.15659999999999996,1.3806862
1110,2023/06/16 13:44:15,quant_conv2d,1,3,21,0.6908,-0.2208,1.9201722
1111,2023/06/16 13:44:19,quant_conv2d,1,4,21,0.6415,-0.2701,2.3499074
1112,2023/06/16 13:44:22,quant_conv2d,1,1,22,0.7214,-0.19019999999999992,2.0103097
1113,2023/06/16 13:44:25,quant_conv2d,1,2,22,0.5882,-0.3234,3.3033164
1114,2023/06/16 13:44:29,quant_conv2d,1,3,22,0.4824,-0.42919999999999997,4.4878764
1115,2023/06/16 13:44:32,quant_conv2d,1,4,22,0.4188,-0.49279999999999996,5.260856
1116,2023/06/16 13:44:35,quant_conv2d,1,1,23,0.643,-0.26859999999999995,3.0701485
1117,2023/06/16 13:44:39,quant_conv2d,1,2,23,0.4816,-0.43,4.911686
1118,2023/06/16 13:44:42,quant_conv2d,1,3,23,0.365,-0.5466,6.3571916
1119,2023/06/16 13:44:45,quant_conv2d,1,4,23,0.3056,-0.606,7.2900143
1120,2023/06/16 13:44:49,quant_conv2d,1,1,24,0.5929,-0.3187,3.7648034
1121,2023/06/16 13:44:52,quant_conv2d,1,2,24,0.4254,-0.48619999999999997,5.849494
1122,2023/06/16 13:44:55,quant_conv2d,1,3,24,0.318,-0.5935999999999999,7.3781133
1123,2023/06/16 13:44:59,quant_conv2d,1,4,24,0.2548,-0.6567999999999999,8.354335
1124,2023/06/16 13:45:02,quant_conv2d,1,1,25,0.5822,-0.3293999999999999,4.090896
1125,2023/06/16 13:45:05,quant_conv2d,1,2,25,0.4012,-0.5104,6.375616
1126,2023/06/16 13:45:08,quant_conv2d,1,3,25,0.2931,-0.6184999999999999,7.8622556
1127,2023/06/16 13:45:12,quant_conv2d,1,4,25,0.234,-0.6776,8.761969
1128,2023/06/16 13:45:15,quant_conv2d,1,1,26,0.5777,-0.3339,4.127286
1129,2023/06/16 13:45:18,quant_conv2d,1,2,26,0.3931,-0.5185,6.5250063
1130,2023/06/16 13:45:22,quant_conv2d,1,3,26,0.288,-0.6235999999999999,8.020624
1131,2023/06/16 13:45:25,quant_conv2d,1,4,26,0.2259,-0.6857,8.962841
1132,2023/06/16 13:45:28,quant_conv2d,1,1,27,0.5736,-0.33799999999999997,4.2223744
1133,2023/06/16 13:45:32,quant_conv2d,1,2,27,0.386,-0.5256,6.7142186
1134,2023/06/16 13:45:35,quant_conv2d,1,3,27,0.2844,-0.6272,8.091346
1135,2023/06/16 13:45:38,quant_conv2d,1,4,27,0.2283,-0.6833,8.9277
1136,2023/06/16 13:45:42,quant_conv2d,1,1,28,0.5735,-0.33809999999999996,4.182572
1137,2023/06/16 13:45:45,quant_conv2d,1,2,28,0.3856,-0.526,6.6356297
1138,2023/06/16 13:45:48,quant_conv2d,1,3,28,0.2836,-0.6279999999999999,8.106918
1139,2023/06/16 13:45:52,quant_conv2d,1,4,28,0.2204,-0.6911999999999999,9.051968
1140,2023/06/16 13:45:55,quant_conv2d,1,1,29,0.5693,-0.34229999999999994,4.258196
1141,2023/06/16 13:45:59,quant_conv2d,1,2,29,0.3994,-0.5122,6.552043
1142,2023/06/16 13:46:02,quant_conv2d,1,3,29,0.2855,-0.6261,8.17448
1143,2023/06/16 13:46:06,quant_conv2d,1,4,29,0.2298,-0.6818,8.9051075
1144,2023/06/16 13:46:09,quant_conv2d,1,1,30,0.5801,-0.3315,4.153046
1145,2023/06/16 13:46:13,quant_conv2d,1,2,30,0.3901,-0.5215,6.5939326
1146,2023/06/16 13:46:16,quant_conv2d,1,3,30,0.2746,-0.637,8.1676
1147,2023/06/16 13:46:20,quant_conv2d,1,4,30,0.2226,-0.689,9.101947
1148,2023/06/16 13:46:23,quant_conv2d,1,1,31,0.5558,-0.3558,4.5738244
1149,2023/06/16 13:46:27,quant_conv2d,1,2,31,0.3632,-0.5484,7.117108
1150,2023/06/16 13:46:31,quant_conv2d,1,3,31,0.2673,-0.6443,8.643698
1151,2023/06/16 13:46:34,quant_conv2d,1,4,31,0.2001,-0.7115,9.632577
1152,2023/06/16 13:46:38,quant_conv2d,1,1,0,0.9116,0.0,0.2891834
1153,2023/06/16 13:46:42,quant_conv2d,1,2,0,0.9116,0.0,0.2891834
1154,2023/06/16 13:46:45,quant_conv2d,1,3,0,0.9116,0.0,0.28918344
1155,2023/06/16 13:46:49,quant_conv2d,1,4,0,0.9116,0.0,0.2891834
1156,2023/06/16 13:46:52,quant_conv2d,1,1,1,0.9116,0.0,0.2891834
1157,2023/06/16 13:46:55,quant_conv2d,1,2,1,0.9116,0.0,0.2891834
1158,2023/06/16 13:46:59,quant_conv2d,1,3,1,0.9116,0.0,0.2891834
1159,2023/06/16 13:47:03,quant_conv2d,1,4,1,0.9116,0.0,0.28918213
1160,2023/06/16 13:47:06,quant_conv2d,1,1,2,0.9116,0.0,0.2891834
1161,2023/06/16 13:47:09,quant_conv2d,1,2,2,0.9116,0.0,0.2891834
1162,2023/06/16 13:47:13,quant_conv2d,1,3,2,0.9116,0.0,0.28918338
1163,2023/06/16 13:47:16,quant_conv2d,1,4,2,0.9116,0.0,0.2891834
1164,2023/06/16 13:47:19,quant_conv2d,1,1,3,0.9116,0.0,0.28917667
1165,2023/06/16 13:47:23,quant_conv2d,1,2,3,0.9116,0.0,0.2891834
1166,2023/06/16 13:47:26,quant_conv2d,1,3,3,0.9116,0.0,0.28918648
1167,2023/06/16 13:47:29,quant_conv2d,1,4,3,0.9116,0.0,0.2891834
1168,2023/06/16 13:47:32,quant_conv2d,1,1,4,0.9116,0.0,0.2892127
1169,2023/06/16 13:47:36,quant_conv2d,1,2,4,0.9116,0.0,0.2891831
1170,2023/06/16 13:47:39,quant_conv2d,1,3,4,0.9116,0.0,0.2891799
1171,2023/06/16 13:47:43,quant_conv2d,1,4,4,0.9116,0.0,0.2891772
1172,2023/06/16 13:47:46,quant_conv2d,1,1,5,0.9116,0.0,0.28918839
1173,2023/06/16 13:47:49,quant_conv2d,1,2,5,0.9116,0.0,0.28917348
1174,2023/06/16 13:47:52,quant_conv2d,1,3,5,0.9116,0.0,0.28922465
1175,2023/06/16 13:47:56,quant_conv2d,1,4,5,0.9116,0.0,0.28918886
1176,2023/06/16 13:48:00,quant_conv2d,1,1,6,0.9116,0.0,0.28917378
1177,2023/06/16 13:48:03,quant_conv2d,1,2,6,0.9116,0.0,0.28917867
1178,2023/06/16 13:48:07,quant_conv2d,1,3,6,0.9116,0.0,0.2891786
1179,2023/06/16 13:48:11,quant_conv2d,1,4,6,0.9116,0.0,0.28921092
1180,2023/06/16 13:48:14,quant_conv2d,1,1,7,0.9116,0.0,0.28917062
1181,2023/06/16 13:48:17,quant_conv2d,1,2,7,0.9116,0.0,0.289162
1182,2023/06/16 13:48:21,quant_conv2d,1,3,7,0.9116,0.0,0.28915045
1183,2023/06/16 13:48:24,quant_conv2d,1,4,7,0.9116,0.0,0.2891157
1184,2023/06/16 13:48:27,quant_conv2d,1,1,8,0.9116,0.0,0.2892286
1185,2023/06/16 13:48:31,quant_conv2d,1,2,8,0.9116,0.0,0.28913897
1186,2023/06/16 13:48:34,quant_conv2d,1,3,8,0.9116,0.0,0.28921124
1187,2023/06/16 13:48:37,quant_conv2d,1,4,8,0.9116,0.0,0.28908214
1188,2023/06/16 13:48:41,quant_conv2d,1,1,9,0.9116,0.0,0.28915292
1189,2023/06/16 13:48:44,quant_conv2d,1,2,9,0.9117,9.999999999998899e-05,0.2891682
1190,2023/06/16 13:48:47,quant_conv2d,1,3,9,0.9118,0.000200000000000089,0.28918964
1191,2023/06/16 13:48:51,quant_conv2d,1,4,9,0.9116,0.0,0.28922036
1192,2023/06/16 13:48:54,quant_conv2d,1,1,10,0.9116,0.0,0.28917465
1193,2023/06/16 13:48:58,quant_conv2d,1,2,10,0.9116,0.0,0.28927097
1194,2023/06/16 13:49:01,quant_conv2d,1,3,10,0.9119,0.000300000000000078,0.2891745
1195,2023/06/16 13:49:04,quant_conv2d,1,4,10,0.9118,0.000200000000000089,0.2891422
1196,2023/06/16 13:49:08,quant_conv2d,1,1,11,0.9115,-9.999999999998899e-05,0.28906786
1197,2023/06/16 13:49:11,quant_conv2d,1,2,11,0.9117,9.999999999998899e-05,0.2892567
1198,2023/06/16 13:49:14,quant_conv2d,1,3,11,0.9117,9.999999999998899e-05,0.2894239
1199,2023/06/16 13:49:18,quant_conv2d,1,4,11,0.9119,0.000300000000000078,0.2891228
1200,2023/06/16 13:49:22,quant_conv2d,1,1,12,0.9118,0.000200000000000089,0.28916398
1201,2023/06/16 13:49:25,quant_conv2d,1,2,12,0.9116,0.0,0.28924465
1202,2023/06/16 13:49:29,quant_conv2d,1,3,12,0.9123,0.0007000000000000339,0.28918448
1203,2023/06/16 13:49:32,quant_conv2d,1,4,12,0.9113,-0.00029999999999996696,0.28920743
1204,2023/06/16 13:49:36,quant_conv2d,1,1,13,0.9117,9.999999999998899e-05,0.28929582
1205,2023/06/16 13:49:39,quant_conv2d,1,2,13,0.9119,0.000300000000000078,0.2892528
1206,2023/06/16 13:49:43,quant_conv2d,1,3,13,0.9119,0.000300000000000078,0.2891663
1207,2023/06/16 13:49:47,quant_conv2d,1,4,13,0.9119,0.000300000000000078,0.28897735
1208,2023/06/16 13:49:50,quant_conv2d,1,1,14,0.9111,-0.0004999999999999449,0.28906578
1209,2023/06/16 13:49:53,quant_conv2d,1,2,14,0.9117,9.999999999998899e-05,0.28952938
1210,2023/06/16 13:49:57,quant_conv2d,1,3,14,0.9116,0.0,0.28935182
1211,2023/06/16 13:50:00,quant_conv2d,1,4,14,0.9117,9.999999999998899e-05,0.28918257
1212,2023/06/16 13:50:04,quant_conv2d,1,1,15,0.9118,0.000200000000000089,0.2892629
1213,2023/06/16 13:50:07,quant_conv2d,1,2,15,0.9123,0.0007000000000000339,0.29011533
1214,2023/06/16 13:50:11,quant_conv2d,1,3,15,0.9117,9.999999999998899e-05,0.28963795
1215,2023/06/16 13:50:14,quant_conv2d,1,4,15,0.9112,-0.00039999999999995595,0.2903458
1216,2023/06/16 13:50:18,quant_conv2d,1,1,16,0.9113,-0.00029999999999996696,0.28990522
1217,2023/06/16 13:50:21,quant_conv2d,1,2,16,0.9111,-0.0004999999999999449,0.29016232
1218,2023/06/16 13:50:25,quant_conv2d,1,3,16,0.9115,-9.999999999998899e-05,0.2904698
1219,2023/06/16 13:50:28,quant_conv2d,1,4,16,0.9107,-0.0009000000000000119,0.29218355
1220,2023/06/16 13:50:32,quant_conv2d,1,1,17,0.9101,-0.0014999999999999458,0.29366103
1221,2023/06/16 13:50:35,quant_conv2d,1,2,17,0.9115,-9.999999999998899e-05,0.29243687
1222,2023/06/16 13:50:39,quant_conv2d,1,3,17,0.9084,-0.0031999999999999806,0.2979895
1223,2023/06/16 13:50:42,quant_conv2d,1,4,17,0.908,-0.0035999999999999366,0.30252054
1224,2023/06/16 13:50:45,quant_conv2d,1,1,18,0.9089,-0.0026999999999999247,0.31102645
1225,2023/06/16 13:50:49,quant_conv2d,1,2,18,0.9041,-0.007499999999999951,0.3242915
1226,2023/06/16 13:50:52,quant_conv2d,1,3,18,0.8999,-0.011699999999999933,0.33860514
1227,2023/06/16 13:50:55,quant_conv2d,1,4,18,0.8979,-0.013699999999999934,0.37380302
1228,2023/06/16 13:50:59,quant_conv2d,1,1,19,0.903,-0.008599999999999941,0.3407056
1229,2023/06/16 13:51:02,quant_conv2d,1,2,19,0.8926,-0.019000000000000017,0.39834973
1230,2023/06/16 13:51:05,quant_conv2d,1,3,19,0.8824,-0.029200000000000004,0.45860156
1231,2023/06/16 13:51:09,quant_conv2d,1,4,19,0.874,-0.03759999999999997,0.5085121
1232,2023/06/16 13:51:12,quant_conv2d,1,1,20,0.883,-0.02859999999999996,0.45078066
1233,2023/06/16 13:51:15,quant_conv2d,1,2,20,0.8571,-0.05449999999999999,0.6055038
1234,2023/06/16 13:51:19,quant_conv2d,1,3,20,0.832,-0.0796,0.77197844
1235,2023/06/16 13:51:23,quant_conv2d,1,4,20,0.8058,-0.1058,0.9083102
1236,2023/06/16 13:51:26,quant_conv2d,1,1,21,0.8199,-0.0917,0.88969314
1237,2023/06/16 13:51:29,quant_conv2d,1,2,21,0.7545,-0.15710000000000002,1.3839351
1238,2023/06/16 13:51:33,quant_conv2d,1,3,21,0.6931,-0.21849999999999992,1.9279518
1239,2023/06/16 13:51:36,quant_conv2d,1,4,21,0.637,-0.27459999999999996,2.431178
1240,2023/06/16 13:51:40,quant_conv2d,1,1,22,0.7143,-0.19729999999999992,2.0210679
1241,2023/06/16 13:51:43,quant_conv2d,1,2,22,0.5732,-0.3383999999999999,3.4903646
1242,2023/06/16 13:51:47,quant_conv2d,1,3,22,0.4909,-0.42069999999999996,4.3977065
1243,2023/06/16 13:51:50,quant_conv2d,1,4,22,0.4173,-0.49429999999999996,5.2612348
1244,2023/06/16 13:51:54,quant_conv2d,1,1,23,0.6415,-0.2701,3.083327
1245,2023/06/16 13:51:57,quant_conv2d,1,2,23,0.4796,-0.43199999999999994,4.968187
1246,2023/06/16 13:52:00,quant_conv2d,1,3,23,0.364,-0.5476,6.3967037
1247,2023/06/16 13:52:04,quant_conv2d,1,4,23,0.3047,-0.6069,7.298767
1248,2023/06/16 13:52:07,quant_conv2d,1,1,24,0.5972,-0.3144,3.7247794
1249,2023/06/16 13:52:11,quant_conv2d,1,2,24,0.4254,-0.48619999999999997,5.8843627
1250,2023/06/16 13:52:14,quant_conv2d,1,3,24,0.3216,-0.59,7.248853
1251,2023/06/16 13:52:17,quant_conv2d,1,4,24,0.2581,-0.6535,8.344501
1252,2023/06/16 13:52:21,quant_conv2d,1,1,25,0.575,-0.3366,4.0345764
1253,2023/06/16 13:52:24,quant_conv2d,1,2,25,0.4018,-0.5098,6.4051147
1254,2023/06/16 13:52:28,quant_conv2d,1,3,25,0.2964,-0.6152,7.872758
1255,2023/06/16 13:52:31,quant_conv2d,1,4,25,0.236,-0.6756,8.7878475
1256,2023/06/16 13:52:35,quant_conv2d,1,1,26,0.5816,-0.32999999999999996,4.102602
1257,2023/06/16 13:52:38,quant_conv2d,1,2,26,0.398,-0.5136,6.4800014
1258,2023/06/16 13:52:42,quant_conv2d,1,3,26,0.2843,-0.6273,8.064035
1259,2023/06/16 13:52:45,quant_conv2d,1,4,26,0.2268,-0.6848,8.947006
1260,2023/06/16 13:52:48,quant_conv2d,1,1,27,0.5818,-0.3298,4.141086
1261,2023/06/16 13:52:52,quant_conv2d,1,2,27,0.3943,-0.5173,6.511642
1262,2023/06/16 13:52:55,quant_conv2d,1,3,27,0.2891,-0.6224999999999999,7.9880466
1263,2023/06/16 13:52:59,quant_conv2d,1,4,27,0.2241,-0.6875,9.033412
1264,2023/06/16 13:53:02,quant_conv2d,1,1,28,0.5644,-0.34719999999999995,4.32148
1265,2023/06/16 13:53:06,quant_conv2d,1,2,28,0.3899,-0.5216999999999999,6.5359554
1266,2023/06/16 13:53:10,quant_conv2d,1,3,28,0.2872,-0.6244,8.019406
1267,2023/06/16 13:53:13,quant_conv2d,1,4,28,0.2219,-0.6897,9.071958
1268,2023/06/16 13:53:16,quant_conv2d,1,1,29,0.577,-0.3346,4.1605086
1269,2023/06/16 13:53:20,quant_conv2d,1,2,29,0.3837,-0.5279,6.6443596
1270,2023/06/16 13:53:23,quant_conv2d,1,3,29,0.285,-0.6266,8.095686
1271,2023/06/16 13:53:27,quant_conv2d,1,4,29,0.2252,-0.6863999999999999,9.080664
1272,2023/06/16 13:53:30,quant_conv2d,1,1,30,0.5687,-0.3429,4.249572
1273,2023/06/16 13:53:34,quant_conv2d,1,2,30,0.3895,-0.5221,6.607166
1274,2023/06/16 13:53:37,quant_conv2d,1,3,30,0.2854,-0.6262,8.109226
1275,2023/06/16 13:53:40,quant_conv2d,1,4,30,0.2223,-0.6893,8.982199
1276,2023/06/16 13:53:44,quant_conv2d,1,1,31,0.5572,-0.35439999999999994,4.60843
1277,2023/06/16 13:53:47,quant_conv2d,1,2,31,0.3624,-0.5491999999999999,7.1246486
1278,2023/06/16 13:53:51,quant_conv2d,1,3,31,0.2668,-0.6448,8.465892
1279,2023/06/16 13:53:54,quant_conv2d,1,4,31,0.1997,-0.7119,9.555325
